Track.ID,category,y_green_to_red,y_blue_to_red,en_pred_g2r,en_pred_b2r,xgb_pred_g2r,xgb_pred_b2r
A2_102,late,3285.11,3150.1,2016.44,1963.63,2268.2,2276.99
A2_1027,medium,1620.05,1545.05,1837.39,1814.36,2192.3,1830.52
A2_1032,late,2970.1,2970.1,1850.69,1834.68,1862.85,1528.05
A2_1055,late,2175.07,2175.07,1727.79,1713.88,1744.72,1347.98
A2_1073,late,2640.09,2640.09,1581.66,1559.88,2135.06,2222.54
A2_1077,late,3585.12,3450.11,1913.15,1870.5,2509.05,1721.43
A2_1079,medium,1095.04,1050.03,1961.6,1917.25,2944.2,2700.13
A2_1089,late,2385.08,2370.08,1734.91,1706.35,2064.77,1608.64
A2_1097,medium,1515.05,1515.05,1354.95,1328.45,1155.3,1525.85
A2_1127,medium,2130.07,2085.07,2158.14,2108.78,2310.02,2472.19
A2_1148,late,2400.08,2400.08,1971.88,1938.94,2209.8,2258.53
A2_1168,medium,1620.05,1620.05,1721.96,1670.02,1886.15,1750.46
A2_117,late,3090.1,2985.1,1722.9,1688.83,2540.89,2354.52
A2_1175,early,870.03,870.03,1734.39,1719.48,1210.49,1111.87
A2_1191,medium,1320.04,1290.04,2032.42,1982.26,2184.98,1883.78
A2_1200,early,555.02,510.02,1996.81,1955.61,2503.72,1939.47
A2_1203,late,2685.09,2640.09,1633.1,1601.77,1174.54,907.35
A2_1231,early,330.01,315.01,1682.03,1651.55,1808.7,2100.2
A2_1243,medium,915.03,915.03,1550.14,1540.91,2376.25,2416.9
A2_1249,late,2595.09,2580.09,1772.08,1741.72,1970.01,2220.69
A2_1271,late,2520.08,2520.08,1667.87,1679.75,1223.83,1376.74
A2_1284,early,375.01,375.01,1744.6,1719.56,1648.47,1751.69
A2_1288,late,3120.1,3120.1,2079.31,2053.26,1940.87,1613.68
A2_1298,late,3270.11,3240.11,1832.38,1783.04,2199.73,2182.49
A2_1299,medium,1455.05,1455.05,1647.26,1650.45,1749.29,1960.18
A2_134,early,690.02,585.02,1344.46,1278.16,1149.01,1193.69
A2_1396,medium,1905.06,1905.06,1904.68,1879.56,2672.73,2819.28
A2_1424,medium,1425.05,1290.04,2160.79,2089.77,2519.44,2600.93
A2_146,medium,1260.04,1125.04,2015.53,1986.13,1914.68,1945.75
A2_1475,late,3045.1,3045.1,1628.25,1595.28,2108.56,1839.49
A2_1498,late,2640.09,2520.08,1876.99,1848.42,2292.74,2081.25
A2_1508,early,375.01,300.01,1528.58,1491.41,1860.88,1642.31
A2_1510,medium,1260.04,1260.04,1815.94,1799.3,2067.62,1995.98
A2_1515,medium,1470.05,1470.05,1507.61,1479.79,1649.97,2278.03
A2_1518,medium,2070.07,1980.07,1810.55,1745.31,2189.37,2381.87
A2_1591,early,630.02,630.02,1430.52,1455.08,1150.93,884.18
A2_1602,late,2220.07,2220.07,1901.69,1874.57,1618.9,1874.04
A2_1645,late,2310.08,2280.08,1347.0,1329.47,1581.06,1504.16
A2_1662,medium,1530.05,1530.05,1861.24,1814.59,2368.4,2566.76
A2_1705,medium,1290.04,1275.04,2303.87,2234.6,1997.63,1624.66
A2_1719,late,3030.1,3030.1,1836.66,1818.17,1965.1,1880.44
A2_1726,late,2640.09,2640.09,2052.25,1996.5,2590.97,2302.59
A2_1748,medium,1380.05,1380.05,2007.77,1998.36,1948.95,1811.29
A2_1775,medium,1680.06,1680.06,1899.47,1875.39,2323.96,2108.25
A2_1783,late,2295.08,2295.08,2004.84,1962.51,1792.09,1845.51
A2_1792,medium,1005.03,1005.03,1439.39,1440.1,1382.56,1047.5
A2_181,late,3540.12,3525.12,2007.59,1987.13,2371.04,2275.3
A2_1810,medium,1635.05,1635.05,1624.3,1623.52,2031.78,1965.36
A2_1816,early,810.03,810.03,1807.58,1792.79,1375.78,1731.09
A2_1818,late,2655.09,2655.09,1787.58,1765.0,1891.31,1704.03
A2_1846,late,2850.09,2850.09,1917.44,1926.52,1211.14,1658.41
A2_1889,late,2430.08,2430.08,2090.92,2018.92,1840.0,1701.91
A2_1892,medium,2130.07,2100.07,1762.88,1743.52,2019.09,1878.49
A2_1945,early,615.02,615.02,1677.09,1653.34,1238.58,1783.67
A2_1963,medium,1170.04,1170.04,1714.24,1702.47,1712.6,1618.41
A2_1988,medium,1995.07,1995.07,1585.27,1594.44,1466.5,1402.18
A2_2000,late,2340.08,2340.08,1977.96,1942.02,1831.78,1424.6
A2_201,medium,1275.04,1215.04,1949.03,1917.7,2142.49,1850.77
A2_2027,medium,2040.07,2040.07,1633.5,1627.02,1279.83,1392.9
A2_2038,early,540.02,540.02,1728.99,1728.31,1265.1,1127.26
A2_204,medium,2085.07,2040.07,1848.14,1822.1,1496.0,1533.7
A2_2041,late,3060.1,3045.1,1854.23,1810.32,2769.56,2470.79
A2_2045,late,2310.08,2205.07,1889.22,1875.05,1982.23,1912.41
A2_207,medium,1830.06,1815.06,1867.31,1832.15,2229.58,2514.85
A2_2087,late,2475.08,2475.08,1600.52,1606.02,1481.0,1820.63
A2_2113,medium,1170.04,1170.04,2081.44,2044.86,1907.21,2133.37
A2_2160,late,2460.08,2460.08,1619.16,1616.14,1757.35,1884.83
A2_2167,medium,1470.05,1350.04,1985.72,1960.8,2360.13,2097.02
A2_2187,late,2370.08,2370.08,1640.48,1648.14,1130.56,1457.14
A2_2192,medium,1470.05,1470.05,1989.25,1952.54,2141.01,2081.35
A2_2201,medium,1305.04,1305.04,1852.88,1800.87,1950.32,1914.76
A2_2229,medium,1395.05,1395.05,698.78,656.23,776.08,847.29
A2_224,medium,1575.05,1485.05,2135.98,2069.26,2964.16,2971.02
A2_2284,medium,2130.07,2130.07,1954.24,1932.13,1809.35,2603.45
A2_2299,medium,2085.07,2085.07,1707.71,1689.81,1656.83,1281.74
A2_2302,medium,2070.07,2070.07,2009.86,1984.99,2039.85,1759.89
A2_232,medium,1665.06,1665.06,1633.05,1619.87,1691.81,1310.78
A2_2321,late,2355.08,2355.08,1826.82,1808.8,2113.91,1533.56
A2_2333,late,3075.1,3075.1,1545.89,1562.91,1313.52,1467.43
A2_2339,medium,1875.06,1830.06,1921.57,1884.8,2292.04,2027.72
A2_2355,medium,1200.04,1200.04,1733.77,1705.8,1062.21,1425.81
A2_2420,early,855.03,855.03,1756.04,1737.58,1675.35,1219.87
A2_2434,medium,1515.05,1515.05,2487.83,2441.99,2271.34,2580.17
A2_2459,medium,915.03,915.03,1459.76,1444.46,1024.27,1167.15
A2_2473,medium,1395.05,1395.05,1222.86,1237.94,1810.91,1606.51
A2_2502,late,3000.1,3000.1,1972.02,1919.24,2548.8,2361.55
A2_2528,late,2985.1,2880.1,1995.44,1941.44,2046.31,2389.96
A2_2543,medium,1215.04,1215.04,1508.98,1494.73,1428.62,1275.3
A2_2565,late,2250.07,2250.07,1848.53,1816.01,1654.38,1717.75
A2_2570,late,2970.1,2970.1,1878.22,1864.16,2434.5,2437.71
A2_2571,late,2400.08,2400.08,2135.74,2097.82,1942.95,1983.88
A2_2593,medium,1335.04,1335.04,2057.27,2018.71,2500.71,2755.58
A2_260,medium,1920.06,1890.06,2168.59,2104.49,2674.39,2746.12
A2_2604,late,3075.1,3060.1,2153.87,2143.19,2536.47,2819.78
A2_261,medium,1410.05,1320.04,1786.09,1771.12,2132.46,2009.19
A2_2621,medium,1410.05,1395.05,1992.12,1930.4,2412.94,2155.52
A2_2629,medium,1350.04,1350.04,2041.91,2005.23,1844.67,1960.35
A2_2692,medium,1590.05,1590.05,1936.73,1915.38,1021.6,1157.73
A2_2698,late,2295.08,2295.08,1849.8,1831.48,1581.0,2098.33
A2_272,early,435.01,435.01,1688.61,1644.59,1807.22,1427.22
A2_2758,medium,1740.06,1740.06,1585.09,1565.26,2081.17,1806.75
A2_2787,late,3045.1,3045.1,1717.79,1691.48,1297.53,1748.57
A2_2788,medium,1905.06,1905.06,1538.11,1520.94,2269.51,1913.68
A2_2792,medium,1905.06,1905.06,1380.89,1353.3,1195.3,1044.3
A2_283,medium,1650.05,1650.05,2012.97,1973.58,2607.94,2297.15
A2_285,medium,1620.05,1545.05,1868.13,1835.4,1908.98,2330.8
A2_286,early,750.02,630.02,2025.2,1953.77,2588.48,1846.57
A2_287,late,3675.12,3660.12,1948.39,1887.08,1777.37,1088.13
A2_289,medium,1650.05,1590.05,1746.12,1661.83,2002.55,2173.68
A2_2958,early,585.02,585.02,1503.19,1513.73,1377.17,948.96
A2_3031,medium,1980.07,1980.07,1800.91,1797.37,2620.38,2692.7
A2_3032,medium,1035.03,930.03,1864.83,1808.88,1919.32,1883.98
A2_308,medium,1950.06,1830.06,1985.5,1927.84,1889.16,1823.79
A2_3085,early,855.03,855.03,1980.4,1961.62,2250.76,2074.65
A2_31,medium,1995.07,1860.06,1954.75,1867.23,1378.71,1005.31
A2_3100,early,540.02,540.02,1829.58,1821.37,1286.14,1968.3
A2_3133,medium,1890.06,1815.06,2057.05,1973.59,2178.59,2113.46
A2_3135,early,870.03,870.03,1792.08,1751.18,2027.53,1779.14
A2_3174,early,630.02,630.02,1654.76,1635.58,1305.57,1289.72
A2_3187,early,660.02,660.02,1755.73,1728.86,1374.55,1266.98
A2_3308,early,750.02,750.02,1843.72,1814.61,1275.74,1648.59
A2_331,late,3375.11,3330.11,2087.12,2033.54,2417.32,2595.22
A2_334,late,2235.07,2235.07,1760.01,1738.48,2077.19,2289.35
A2_3349,late,2265.08,2265.08,1909.94,1889.91,1121.79,728.15
A2_3365,early,645.02,645.02,850.08,842.71,1430.22,1359.76
A2_3370,medium,1260.04,1245.04,1858.78,1831.56,1583.88,1931.69
A2_3375,late,2430.08,2370.08,1988.56,1947.3,2583.68,2481.69
A2_3386,medium,1650.05,1650.05,2167.14,2090.86,2322.96,2336.27
A2_3388,early,525.02,525.02,1556.38,1558.89,1267.04,1100.62
A2_3457,early,780.03,780.03,1687.68,1692.38,1920.98,1731.57
A2_3488,late,2295.08,2160.07,2454.4,2386.83,2527.08,2010.22
A2_3497,medium,2160.07,2160.07,1652.42,1642.29,1506.67,1362.7
A2_3612,early,795.03,795.03,1809.36,1780.35,876.0,1371.33
A2_362,medium,1545.05,1500.05,1777.36,1753.83,1589.32,1515.31
A2_3642,early,810.03,810.03,1922.81,1891.66,1869.86,1908.87
A2_368,late,3420.11,3375.11,1585.7,1547.58,1396.39,1296.23
A2_3690,late,2565.09,2565.09,1609.52,1617.0,1764.34,1865.92
A2_370,medium,2070.07,1950.06,2166.93,2126.46,2369.12,2366.64
A2_3727,medium,1800.06,1695.06,1784.9,1590.66,873.06,1402.16
A2_3751,medium,1200.04,1200.04,1887.79,1868.13,1955.31,2187.5
A2_3770,medium,1935.06,1935.06,1848.81,1826.31,1825.67,1912.28
A2_38,medium,1725.06,1635.05,1953.27,1892.66,2310.15,2009.59
A2_380,late,3600.12,3555.12,2057.9,1990.9,2397.78,2586.74
A2_3814,late,2190.07,2190.07,2003.83,1960.78,2193.98,2014.24
A2_3823,medium,1440.05,1440.05,1716.34,1691.49,1023.58,816.49
A2_384,late,3165.11,3075.1,2026.37,1987.66,2463.52,2549.54
A2_3845,medium,2100.07,1965.07,1961.56,1915.14,2563.74,2605.12
A2_3847,medium,1410.05,1410.05,1986.41,1958.72,2054.79,2111.94
A2_3859,early,465.02,465.02,1476.71,1501.46,1107.8,1536.93
A2_3865,early,570.02,570.02,1797.67,1794.67,2347.25,1835.59
A2_396,late,2505.08,2460.08,1999.11,1957.27,2095.71,1535.42
A2_3996,medium,1095.04,1095.04,1524.09,1487.89,1238.93,1311.77
A2_3997,early,615.02,615.02,1367.25,1357.2,894.04,1092.52
A2_4008,early,330.01,330.01,1189.94,1211.4,1770.76,1636.7
A2_4029,early,660.02,660.02,1688.76,1694.48,1246.8,1200.36
A2_4054,medium,1395.05,1395.05,1722.94,1722.94,1589.11,1804.76
A2_4083,early,420.01,420.01,1218.01,1230.49,1452.26,1250.12
A2_4126,medium,1155.04,1155.04,1902.69,1878.52,1256.05,1268.74
A2_4135,early,465.02,465.02,1812.94,1792.27,2350.48,1660.96
A2_416,early,630.02,540.02,1783.74,1731.92,2152.94,1687.97
A2_4161,early,375.01,375.01,1261.62,1241.31,1185.74,1328.91
A2_4169,late,2280.08,2280.08,1970.4,1943.29,2076.83,1735.6
A2_4172,medium,1320.04,1320.04,1815.74,1788.93,1533.59,1514.02
A2_4178,medium,1650.05,1650.05,2019.61,1987.16,1649.51,1520.44
A2_422,early,735.02,735.02,1784.84,1764.8,2076.46,1829.39
A2_4240,medium,1725.06,1725.06,1843.14,1824.12,1252.14,831.23
A2_428,medium,1740.06,1740.06,1917.85,1880.31,2293.1,2456.93
A2_4284,early,360.01,360.01,1347.04,1384.12,487.47,1066.96
A2_4286,medium,960.03,870.03,2057.3,2032.31,1518.97,1567.04
A2_4290,medium,1425.05,1425.05,2018.1,1989.11,1948.35,2148.41
A2_4297,medium,1530.05,1530.05,1276.33,1319.31,1330.24,1161.64
A2_430,late,2745.09,2715.09,2009.4,1955.93,2639.55,2610.51
A2_4310,medium,1980.07,1980.07,1408.71,1390.48,1409.36,1249.03
A2_4357,medium,915.03,915.03,1614.41,1583.63,1091.43,1201.76
A2_437,late,3045.1,3000.1,2333.3,2292.31,2708.16,2721.95
A2_441,medium,1725.06,1620.05,1891.63,1838.03,1829.95,1769.23
A2_4434,medium,1035.03,1035.03,1664.18,1644.29,1981.78,1748.3
A2_453,medium,2025.07,2025.07,2185.54,2120.05,2315.62,1932.27
A2_4576,early,690.02,690.02,1802.24,1772.87,1703.81,1842.39
A2_460,late,2910.1,2865.1,1436.75,1406.22,2078.41,1840.23
A2_461,late,2730.09,2685.09,2078.38,2015.56,1406.81,1551.31
A2_4629,early,600.02,600.02,1818.5,1815.52,796.27,1160.26
A2_4655,medium,1305.04,1305.04,1649.28,1650.6,1301.95,1459.1
A2_4659,early,330.01,285.01,1595.25,1587.05,1466.56,1216.51
A2_4663,medium,1755.06,1755.06,1524.26,1527.75,670.55,834.92
A2_4664,medium,1260.04,1260.04,1833.58,1813.05,1994.69,1809.7
A2_4688,early,330.01,330.01,1037.17,1056.4,855.62,830.34
A2_4702,medium,1290.04,1290.04,1754.08,1721.53,1902.38,1872.25
A2_4764,medium,1785.06,1785.06,1992.55,1976.38,2382.09,2304.02
A2_478,late,3135.1,3090.1,2012.62,1960.47,2223.24,2202.35
A2_4844,medium,1155.04,1155.04,1676.47,1678.12,865.91,707.69
A2_4903,medium,1125.04,1125.04,1226.59,1229.52,1358.24,1416.64
A2_498,medium,1260.04,1215.04,1544.28,1524.76,2821.12,2928.55
A2_4985,medium,1155.04,1155.04,1771.19,1753.15,927.43,708.96
A2_4991,medium,1755.06,1755.06,1452.94,1469.98,1197.64,1201.49
A2_4997,medium,1680.06,1680.06,1829.67,1818.01,1852.35,1851.24
A2_5012,medium,1635.05,1635.05,1776.57,1750.54,1591.68,1302.36
A2_509,late,3390.11,3255.11,1956.37,1945.55,2268.36,1931.46
A2_5116,early,255.01,255.01,587.35,648.51,1061.55,852.43
A2_514,late,3105.1,3045.1,2002.72,1969.12,2385.5,2105.84
A2_518,medium,1380.05,1380.05,1604.81,1598.25,1709.45,1761.28
A2_5187,early,345.01,345.01,1681.96,1654.21,1389.46,1344.03
A2_5217,medium,1545.05,1545.05,1706.09,1683.26,1732.87,1680.4
A2_522,late,2340.08,2235.07,2296.82,2239.19,2353.48,2050.64
A2_5231,early,630.02,630.02,1588.65,1556.79,1015.76,1025.83
A2_530,late,3240.11,3150.1,2027.4,1980.43,2178.57,2593.07
A2_54,medium,2085.07,1965.07,2104.85,1997.67,2308.19,1702.8
A2_544,medium,1275.04,1140.04,1931.22,1867.16,1799.79,1539.75
A2_546,medium,1665.06,1665.06,1706.25,1691.86,1316.2,1332.73
A2_561,late,2940.1,2925.1,1975.23,1945.03,1633.4,2146.94
A2_57,medium,1590.05,1500.05,1955.02,1888.36,1726.04,1776.19
A2_575,late,3630.12,3540.12,2082.46,2036.86,3143.96,3043.33
A2_578,late,2640.09,2625.09,1767.28,1758.5,1611.98,1228.12
A2_580,early,360.01,240.01,2024.57,1982.59,1413.14,1422.08
A2_599,medium,1680.06,1605.05,2065.52,2009.52,1874.28,1693.12
A2_604,late,2535.08,2535.08,1724.95,1681.76,2249.0,1914.55
A2_612,medium,1815.06,1740.06,1746.95,1739.59,1635.99,1701.49
A2_615,medium,1770.06,1770.06,2068.41,2022.76,2463.26,2362.39
A2_617,medium,1785.06,1755.06,1762.26,1738.82,1809.28,1677.64
A2_629,medium,1815.06,1815.06,1950.67,1920.09,1904.65,1473.19
A2_635,late,3105.1,3045.1,1958.8,1927.12,1942.74,1854.48
A2_637,late,3015.1,2970.1,2038.55,1972.66,1356.22,1928.22
A2_647,late,2685.09,2640.09,1994.88,1922.51,2296.82,2130.95
A2_653,late,3600.12,3600.12,2092.74,2048.23,1879.01,2075.76
A2_658,medium,2070.07,2070.07,1903.44,1897.13,1616.36,1272.34
A2_692,late,2715.09,2655.09,1886.73,1850.98,2314.09,1901.63
A2_712,medium,990.03,960.03,1682.36,1637.81,1485.83,1274.93
A2_714,medium,1755.06,1710.06,1559.98,1538.57,1592.3,1584.43
A2_741,late,2865.1,2865.1,1912.08,1878.4,1355.14,1331.36
A2_744,late,3150.1,3120.1,2081.01,2043.83,3083.34,3012.16
A2_745,late,2490.08,2475.08,1558.96,1474.96,1332.55,1316.07
A2_752,medium,2025.07,1980.07,1682.99,1663.68,2157.09,1786.7
A2_753,medium,1515.05,1515.05,1840.24,1811.46,2623.71,2317.78
A2_770,medium,1485.05,1485.05,1864.62,1831.2,2103.85,1546.29
A2_778,late,3270.11,3270.11,2084.56,2053.95,1892.11,2311.09
A2_786,late,2760.09,2640.09,1928.57,1897.65,2440.46,1955.5
A2_794,late,3165.11,3150.1,2126.79,2089.8,2147.47,2214.15
A2_807,medium,1635.05,1530.05,1999.49,1938.14,2002.56,2147.79
A2_811,late,2925.1,2925.1,2024.14,1987.94,2334.12,2432.56
A2_814,late,2280.08,2190.07,1809.22,1741.46,1455.16,1473.15
A2_818,late,2550.08,2535.08,1902.88,1849.13,1956.74,1994.01
A2_820,late,2880.1,2745.09,1661.4,1633.75,669.79,1145.04
A2_828,medium,1740.06,1650.05,1796.88,1768.73,2484.57,2502.15
A2_854,medium,1515.05,1455.05,1982.63,1948.72,1322.07,1493.61
A2_868,late,2640.09,2565.09,1866.34,1853.43,2761.12,2741.65
A2_875,medium,1395.05,1335.04,1758.25,1726.19,1696.93,1567.57
A2_885,medium,1470.05,1380.05,2251.61,2162.31,1962.7,1869.56
A2_904,medium,1815.06,1755.06,1842.67,1817.64,2081.13,1984.61
A2_909,late,3555.12,3540.12,1944.37,1918.31,2509.64,2280.72
A2_912,late,2880.1,2820.09,1957.17,1924.82,2103.27,2344.62
A2_980,medium,2010.07,2010.07,1955.85,1956.74,2068.37,1474.97
A2_993,late,2505.08,2505.08,2043.59,2005.63,2347.91,1989.78
A2_997,late,3000.1,2955.1,2190.3,2130.85,1938.88,2043.2
A3_1003,late,2940.11,2835.11,2048.16,2001.14,1932.78,1754.5
A3_1012,early,390.01,300.01,1712.26,1686.74,1197.98,1150.12
A3_1024,late,2730.1,2730.1,1538.41,1550.89,1151.71,1406.1
A3_1026,late,2700.1,2700.1,1795.81,1754.56,2226.7,2237.76
A3_1027,late,2340.09,2310.09,1533.74,1526.8,1135.02,1113.62
A3_1029,early,825.03,825.03,1894.2,1872.29,1549.83,1718.13
A3_1038,medium,1575.06,1575.06,1634.41,1619.21,1517.18,1612.33
A3_1044,medium,1935.07,1935.07,1753.77,1718.11,2147.54,2108.06
A3_106,early,420.02,360.01,1787.27,1782.77,1581.01,1536.77
A3_1089,late,2385.09,2385.09,1383.89,1378.52,1102.31,956.53
A3_1093,medium,1395.05,1320.05,1843.26,1807.57,2271.26,2139.82
A3_1110,medium,1770.07,1770.07,1539.09,1544.55,2195.68,2076.27
A3_113,medium,1215.05,1140.04,2144.55,2073.63,2383.56,2689.74
A3_1133,late,2475.09,2475.09,1745.04,1711.83,1317.7,1110.56
A3_1141,late,2505.1,2505.1,1998.81,1977.43,2316.42,2219.39
A3_1144,medium,1545.06,1545.06,1743.79,1741.63,2236.95,2138.57
A3_1166,late,2325.09,2190.08,1980.48,1938.46,2148.3,2076.92
A3_1191,medium,1230.05,1230.05,1636.71,1654.83,836.7,1263.6
A3_1196,medium,1725.07,1725.07,1932.69,1909.06,1734.67,1937.68
A3_1206,medium,1530.06,1500.06,1842.32,1827.08,2156.72,1856.96
A3_1210,medium,1590.06,1500.06,1379.88,1354.76,1489.81,1273.28
A3_1214,late,3360.13,3360.13,1478.98,1502.3,1966.46,1635.72
A3_123,late,2400.09,2310.09,1450.12,1428.49,1954.69,1868.37
A3_1231,early,585.02,525.02,2054.67,2001.96,2687.94,2712.56
A3_1239,early,585.02,585.02,2408.26,2348.54,1809.54,1995.87
A3_1240,medium,1455.06,1455.06,1803.43,1784.16,1943.16,1742.2
A3_1242,early,510.02,510.02,1734.47,1723.03,1983.79,1780.68
A3_1259,late,2490.1,2490.1,1911.71,1897.31,1661.17,1799.69
A3_1265,medium,1155.04,1110.04,1743.28,1717.11,1715.12,1788.54
A3_1302,medium,1860.07,1770.07,1827.3,1797.65,2185.31,1822.02
A3_1307,medium,1425.05,1425.05,1710.41,1704.3,2260.37,2066.48
A3_1332,medium,1395.05,1290.05,1981.38,1933.47,1655.58,1935.28
A3_139,medium,1290.05,1155.04,1975.67,1926.84,2127.38,1525.29
A3_1397,early,900.03,900.03,1541.3,1495.53,1111.9,668.13
A3_1425,late,2640.1,2640.1,1996.79,1983.04,2220.38,2455.95
A3_143,medium,1380.05,1320.05,1975.79,1877.44,1497.51,1894.12
A3_144,early,645.02,510.02,2170.83,2023.11,1851.21,1998.53
A3_1462,late,3285.13,3150.12,1784.29,1760.58,2344.41,2119.93
A3_1467,medium,1650.06,1650.06,1552.63,1546.15,1185.76,1366.88
A3_1469,late,2205.08,2205.08,1799.78,1797.49,2223.11,2447.04
A3_1484,late,2655.1,2655.1,1829.07,1808.45,1140.59,960.37
A3_1569,medium,1680.06,1680.06,1542.17,1510.34,1567.15,1271.2
A3_1582,medium,1200.05,1080.04,2025.97,1993.93,1899.1,1869.36
A3_1590,late,3375.13,3375.13,1667.64,1624.37,1754.07,1981.58
A3_1591,late,3015.12,3015.12,1785.98,1758.62,1976.88,2100.87
A3_1593,medium,1650.06,1650.06,1863.48,1842.77,2166.11,2154.72
A3_1595,medium,1245.05,1245.05,1972.72,1941.3,1652.15,1659.14
A3_1598,early,660.03,660.03,1862.47,1842.97,1399.53,1286.71
A3_160,early,465.02,390.01,1983.82,1947.79,1404.64,1171.32
A3_1603,late,2640.1,2565.1,1588.77,1597.03,1106.93,1259.01
A3_1612,medium,1500.06,1500.06,1663.62,1663.51,1401.31,1737.46
A3_1616,early,795.03,660.03,1961.11,1899.37,1893.73,1771.15
A3_1668,medium,1860.07,1860.07,1818.74,1796.36,2287.08,1985.01
A3_1707,late,2595.1,2595.1,1866.54,1842.44,2164.79,2579.23
A3_174,late,3180.12,3060.12,1695.82,1652.2,2041.22,2021.73
A3_1803,early,375.01,375.01,1693.47,1675.94,1084.06,1183.64
A3_1844,medium,1875.07,1860.07,1935.04,1908.7,1938.31,2089.88
A3_1906,medium,1230.05,1230.05,1271.25,1290.85,1351.35,1040.48
A3_1928,medium,2040.08,2040.08,1792.95,1769.14,1787.66,1894.56
A3_1933,early,570.02,570.02,1883.31,1873.32,1780.01,2024.46
A3_1943,late,2445.09,2445.09,1678.41,1656.6,1359.83,1643.01
A3_1973,late,2280.09,2280.09,2007.3,1963.6,2676.12,2158.19
A3_2003,late,2505.1,2490.1,2019.03,1982.97,1978.12,2309.96
A3_2012,medium,1920.07,1920.07,1736.53,1733.56,1571.46,1711.94
A3_2032,early,600.02,600.02,1844.54,1809.62,1771.89,1905.21
A3_2049,medium,1560.06,1560.06,1719.76,1725.28,1452.12,1237.62
A3_2109,medium,1770.07,1770.07,1913.67,1894.86,2085.53,2255.45
A3_2112,late,2940.11,2940.11,2059.74,2004.16,1882.97,1665.13
A3_215,medium,1830.07,1785.07,1963.01,1896.14,2050.77,1793.22
A3_2197,late,3120.12,3000.11,1637.12,1595.72,1315.68,1519.86
A3_221,late,2250.09,2250.09,1845.9,1808.41,2241.41,1987.12
A3_2215,medium,1440.06,1440.06,1600.97,1605.06,1786.52,1652.63
A3_2220,early,705.03,675.03,1423.21,1419.59,1219.03,1351.64
A3_2273,medium,2100.08,2100.08,2012.81,1978.04,1995.2,2164.58
A3_2279,medium,1020.04,1020.04,1108.84,1111.37,1552.19,1342.44
A3_230,late,2745.1,2625.1,1830.76,1810.57,2317.18,2549.09
A3_2359,late,2760.11,2760.11,1320.89,1318.91,1480.38,1208.12
A3_2362,early,660.03,660.03,2018.75,2005.98,2178.16,2004.07
A3_2385,late,2190.08,2100.08,1879.97,1842.11,2124.87,2080.93
A3_2387,medium,1470.06,1470.06,1660.18,1641.47,1795.73,1365.37
A3_2452,medium,2145.08,2145.08,2090.46,2067.06,1717.84,1443.44
A3_2458,early,810.03,810.03,876.99,907.98,1704.64,1503.83
A3_2530,medium,990.04,990.04,1825.82,1812.7,1982.81,1759.6
A3_2533,medium,2115.08,2115.08,1881.49,1851.43,1384.59,1491.26
A3_2603,late,2790.11,2790.11,1886.29,1870.47,1183.36,1203.15
A3_2621,medium,1755.07,1755.07,2013.8,1998.34,2447.05,2224.07
A3_267,medium,2040.08,1980.08,2120.95,2074.83,2360.72,2421.0
A3_2705,medium,930.04,915.03,1950.74,1894.28,1441.94,1691.68
A3_2736,late,2685.1,2685.1,1798.47,1774.82,1969.52,2156.65
A3_2757,medium,1335.05,1335.05,1877.22,1861.26,1947.0,2000.18
A3_278,medium,2025.08,2010.08,2183.0,2133.78,2156.8,2043.72
A3_28,medium,990.04,915.03,2042.59,1986.59,1964.25,1682.34
A3_2813,early,810.03,810.03,2008.19,1979.26,2038.58,2048.27
A3_2815,early,735.03,735.03,1481.85,1489.99,611.83,962.91
A3_283,early,855.03,795.03,1919.13,1884.73,2216.25,2273.67
A3_2839,medium,1935.07,1935.07,772.31,802.11,2187.54,1865.99
A3_2863,medium,1815.07,1815.07,1990.52,1972.92,1818.75,1643.17
A3_2870,early,525.02,465.02,1845.51,1799.59,1707.18,1901.03
A3_2895,medium,1890.07,1875.07,1929.11,1874.36,2778.49,2317.81
A3_2905,medium,1830.07,1830.07,1136.23,1101.83,1491.41,1749.82
A3_2918,medium,1155.04,1065.04,2206.23,2154.16,1998.45,2153.23
A3_2921,medium,1140.04,1140.04,1797.43,1786.88,1550.01,1778.02
A3_2963,late,2340.09,2340.09,2099.47,2077.89,1548.25,1821.39
A3_2982,medium,1815.07,1695.06,2343.15,2204.17,2159.01,2112.98
A3_2988,early,360.01,360.01,1261.79,1289.61,951.96,825.46
A3_3099,early,870.03,870.03,1056.58,1070.76,1625.6,1174.33
A3_3103,medium,1530.06,1530.06,1465.4,1427.18,1796.54,1379.89
A3_3112,medium,1590.06,1590.06,1925.48,1903.85,1743.83,1402.46
A3_3113,medium,2040.08,2040.08,1866.39,1848.4,1907.05,1741.38
A3_3135,medium,1230.05,1230.05,1554.41,1532.73,921.47,1323.16
A3_3165,medium,1890.07,1890.07,1645.55,1610.8,912.63,1041.32
A3_3199,medium,915.03,810.03,1818.95,1779.28,1061.69,1460.49
A3_326,medium,1695.06,1680.06,2258.6,2164.52,2289.42,2032.89
A3_3277,early,825.03,825.03,1900.58,1895.12,1211.5,1251.57
A3_328,medium,1665.06,1665.06,1855.55,1821.84,2022.68,2030.13
A3_3299,early,795.03,795.03,1288.39,1311.14,733.35,1026.63
A3_3312,medium,1440.06,1440.06,1760.57,1753.21,1083.4,1291.9
A3_3318,medium,1560.06,1560.06,1480.46,1498.18,1024.41,1436.12
A3_3330,medium,1935.07,1935.07,1921.5,1890.8,1988.77,1589.31
A3_3338,early,255.01,255.01,1586.56,1571.02,1251.35,1277.23
A3_3355,medium,1680.06,1680.06,1804.14,1790.44,1220.4,1438.4
A3_3442,early,585.02,585.02,1622.04,1619.79,663.38,856.58
A3_347,late,2880.11,2850.11,1687.45,1650.93,2295.6,2056.0
A3_3478,medium,1350.05,1350.05,1990.97,1964.39,1779.97,1808.18
A3_3492,early,705.03,705.03,1738.71,1702.77,1636.33,1492.89
A3_3521,medium,2025.08,2025.08,1712.33,1698.21,1869.77,1827.78
A3_3540,early,375.01,375.01,1165.87,1171.94,1192.92,1303.73
A3_3556,medium,1500.06,1500.06,1263.14,1287.08,1027.07,832.89
A3_356,medium,2115.08,2070.08,1980.46,1945.24,2971.54,1977.09
A3_360,medium,1620.06,1620.06,1529.54,1481.23,1727.5,1414.5
A3_361,medium,1815.07,1680.06,1885.77,1833.45,3072.12,2334.55
A3_3684,medium,2100.08,2100.08,1964.75,1938.43,1890.46,1639.34
A3_3718,medium,1845.07,1845.07,1823.77,1798.82,1253.58,1639.64
A3_375,late,3615.14,3480.13,1992.59,1927.4,2077.91,2352.55
A3_3828,medium,975.04,975.04,1543.57,1526.72,848.59,452.63
A3_384,medium,1020.04,900.03,2020.51,1910.12,1925.26,1684.7
A3_3954,medium,1845.07,1845.07,2199.24,2166.1,1897.29,1970.65
A3_4007,early,900.03,900.03,1605.11,1542.93,1863.24,1648.63
A3_401,late,2505.1,2445.09,1757.98,1703.36,1159.2,1491.75
A3_4011,medium,1875.07,1830.07,2007.61,1985.77,2240.36,1633.87
A3_4045,medium,1770.07,1770.07,1488.47,1480.2,1411.69,1336.95
A3_4048,medium,1005.04,1005.04,1674.23,1659.22,1611.28,1521.33
A3_4054,early,570.02,570.02,1436.36,1426.38,472.72,477.0
A3_4117,medium,1425.05,1425.05,2068.06,2040.57,2187.72,1930.27
A3_4133,medium,1350.05,1350.05,1384.74,1382.99,1346.07,1275.46
A3_418,medium,2025.08,1920.07,1715.77,1646.88,1890.31,1587.47
A3_4209,medium,1590.06,1590.06,1864.92,1846.54,1896.09,1515.24
A3_4323,medium,1470.06,1470.06,1724.08,1719.64,1677.01,1494.38
A3_467,late,3555.14,3420.13,2192.91,2090.16,2366.8,2352.25
A3_503,medium,1425.05,1335.05,2192.13,2100.71,2072.43,1832.26
A3_509,late,2685.1,2670.1,1669.04,1622.31,2855.63,2135.94
A3_536,medium,2070.08,2070.08,1160.16,1166.46,716.75,557.66
A3_538,medium,1005.04,990.04,1898.35,1853.99,1989.55,2288.44
A3_544,late,2955.11,2925.11,1923.87,1893.21,2221.16,1939.63
A3_549,medium,1830.07,1830.07,1802.14,1778.15,2282.67,2280.28
A3_551,medium,1500.06,1410.05,1677.22,1661.4,2036.29,1829.96
A3_573,late,3255.12,3165.12,1886.48,1827.63,2202.48,1592.43
A3_581,late,3150.12,3150.12,1834.0,1814.16,1549.44,1667.3
A3_593,late,2580.1,2460.09,1798.95,1765.53,1927.25,1979.06
A3_60,medium,975.04,855.03,1868.7,1822.42,1641.81,2111.36
A3_601,medium,1530.06,1455.06,2171.25,2113.2,2593.81,2048.98
A3_628,medium,1365.05,1365.05,1883.59,1857.51,1842.39,1920.09
A3_645,medium,1545.06,1545.06,2076.47,2019.77,1564.56,1382.13
A3_659,late,2685.1,2610.1,1980.28,1931.71,2248.86,2632.51
A3_662,medium,1425.05,1425.05,1429.45,1436.72,2202.76,2015.03
A3_667,early,690.03,660.03,1621.33,1577.86,1726.18,1978.45
A3_67,late,2625.1,2550.1,1897.59,1798.65,1336.47,1361.84
A3_680,late,3630.14,3630.14,1832.61,1813.57,1659.48,1148.56
A3_69,medium,1830.07,1725.07,2067.9,2012.18,2368.99,1996.76
A3_694,late,3135.12,3075.12,1994.81,1963.5,2385.01,2027.83
A3_708,medium,1065.04,1065.04,1459.07,1456.14,1548.61,1417.91
A3_714,medium,1005.04,1005.04,1847.26,1824.93,2114.95,2436.36
A3_726,medium,1560.06,1560.06,1679.27,1672.85,1711.64,1547.82
A3_74,medium,1980.08,1845.07,1802.9,1765.66,2111.48,1894.85
A3_740,late,2235.09,2115.08,1722.95,1699.07,2052.49,1833.01
A3_744,late,3450.13,3435.13,2040.07,2006.63,2056.85,1921.27
A3_798,late,2490.1,2490.1,1435.26,1424.37,828.05,1040.33
A3_804,late,2955.11,2820.11,1856.39,1845.47,1932.28,1662.96
A3_825,medium,1755.07,1755.07,2006.81,1971.79,2305.92,2322.81
A3_836,late,3405.13,3390.13,1963.0,1939.52,2249.62,2054.25
A3_838,late,2970.11,2865.11,2134.49,2071.75,2468.33,2480.62
A3_854,late,2910.11,2790.11,2272.89,2149.76,2367.87,1710.2
A3_856,late,2700.1,2700.1,2332.83,2233.95,2317.08,2425.82
A3_861,early,375.01,375.01,1699.83,1678.35,1330.38,1498.41
A3_870,late,2895.11,2895.11,1850.9,1848.49,1702.39,1589.37
A3_874,late,3195.12,3180.12,2017.46,1986.45,1836.86,1848.9
A3_880,early,810.03,690.03,1919.1,1927.86,2070.35,2509.83
A3_881,medium,1515.06,1485.06,1838.81,1810.4,1828.58,2180.86
A3_885,late,2490.1,2460.09,1938.73,1902.97,2189.7,2167.88
A3_891,late,2310.09,2310.09,1300.78,1238.64,672.52,418.49
A3_893,medium,1455.06,1350.05,1328.22,1334.99,1575.48,1168.64
A3_896,late,2595.1,2595.1,1931.17,1882.36,1641.56,1840.02
A3_906,late,3300.13,3300.13,1810.19,1788.43,1805.78,2001.01
A3_907,medium,1455.06,1455.06,1759.67,1716.33,1434.33,1908.53
A3_915,late,3465.13,3465.13,1955.96,1941.84,2848.21,2882.97
A3_922,medium,1590.06,1590.06,1840.5,1823.1,1637.9,1153.46
A3_932,late,2640.1,2595.1,1892.16,1863.85,1971.83,2186.15
A3_96,early,540.02,450.02,1788.59,1739.23,1751.35,1451.67
