Track.ID,dataset,green_onset_min,delay_green_to_red,productive,pred_productive,prob_productive,pred_delay,true_category,pred_category,prob_early,prob_medium,prob_late
A2_1000,A2,0.0,inf,False,1,0.505,,,,,,
A2_1005,A2,0.0,inf,False,1,0.6797,,,,,,
A2_1007,A2,0.0,inf,False,0,0.4512,,,,,,
A2_102,A2,0.0,3285.10938383333,True,1,0.7959,2201.73291015625,late,late,0.0323,0.4743,0.4934
A2_1027,A2,0.0,1620.05394266667,True,1,0.7144,1803.7421875,medium,medium,0.1214,0.5102,0.3684
A2_1032,A2,0.0,2970.0988945,True,1,0.6187,2090.578369140625,late,medium,0.0956,0.5079,0.3965
A2_1055,A2,0.0,2175.07242266667,True,1,0.7777,1439.9864501953125,late,medium,0.1199,0.6108,0.2693
A2_107,A2,0.0,inf,False,1,0.5347,,,,,,
A2_1073,A2,0.0,2640.087906,True,1,0.6559,1557.266845703125,late,medium,0.2952,0.4275,0.2773
A2_1077,A2,0.0,3585.11937383333,True,1,0.6071,1992.50048828125,late,medium,0.0369,0.5459,0.4172
A2_1079,A2,0.0,1095.036461,True,1,0.814,2236.378173828125,medium,medium,0.0888,0.4734,0.4378
A2_108,A2,0.0,2160.07192383333,True,1,0.5245,2247.555908203125,medium,medium,0.0603,0.494,0.4457
A2_1089,A2,0.0,2385.079416,True,1,0.7166,1857.974853515625,late,medium,0.1096,0.4969,0.3935
A2_1094,A2,0.0,inf,False,1,0.5621,,,,,,
A2_1097,A2,0.0,1515.050446,True,1,0.9281,1397.20654296875,medium,medium,0.2793,0.4417,0.2791
A2_1100,A2,0.0,inf,False,0,0.3888,,,,,,
A2_1101,A2,0.0,inf,False,1,0.6963,,,,,,
A2_1102,A2,0.0,inf,False,1,0.6763,,,,,,
A2_1105,A2,0.0,inf,False,0,0.4995,,,,,,
A2_1109,A2,0.0,3330.11088316667,True,0,0.4238,2292.9931640625,late,medium,0.0658,0.4731,0.4611
A2_1119,A2,0.0,inf,False,0,0.3615,,,,,,
A2_1127,A2,0.0,2130.07092433333,True,1,0.6826,2009.168701171875,medium,medium,0.0734,0.499,0.4277
A2_113,A2,0.0,inf,False,1,0.8037,,,,,,
A2_1144,A2,0.0,3330.11088183333,True,1,0.5245,2301.21630859375,late,medium,0.0767,0.4804,0.4428
A2_1148,A2,0.0,2400.07991483333,True,1,0.6196,1968.3272705078125,late,medium,0.0513,0.5245,0.4242
A2_1165,A2,0.0,2790.09290216667,True,0,0.3467,2172.931396484375,late,medium,0.0894,0.5005,0.4102
A2_1168,A2,0.0,1620.05394216667,True,1,0.6068,1997.1080322265625,medium,medium,0.1378,0.4809,0.3813
A2_117,A2,0.0,3090.10289116667,True,1,0.7629,2255.6689453125,late,medium,0.1463,0.445,0.4086
A2_1175,A2,0.0,870.028969333334,True,1,0.52,1786.05126953125,early,medium,0.0992,0.5053,0.3955
A2_1189,A2,0.0,inf,False,1,0.5643,,,,,,
A2_1191,A2,0.0,1320.04395333333,True,1,0.6548,1844.48779296875,medium,medium,0.0329,0.537,0.4301
A2_1200,A2,0.0,555.0184805,True,1,0.6452,2075.56982421875,early,late,0.0697,0.4544,0.4759
A2_1203,A2,0.0,2685.08940483333,True,1,0.8106,1772.4306640625,late,medium,0.1843,0.4717,0.344
A2_1204,A2,0.0,2895.09639833333,True,1,0.5646,1910.60498046875,late,medium,0.096,0.4841,0.4199
A2_1210,A2,0.0,inf,False,1,0.5674,,,,,,
A2_1216,A2,0.0,2610.08690716667,True,1,0.708,1840.6165771484375,late,medium,0.1138,0.5127,0.3735
A2_1218,A2,0.0,inf,False,1,0.6387,,,,,,
A2_122,A2,0.0,2160.0719245,True,0,0.4872,2195.272705078125,medium,late,0.1631,0.4136,0.4233
A2_1222,A2,0.0,inf,False,1,0.6398,,,,,,
A2_1231,A2,0.0,330.010988333333,True,1,0.9189,2362.78515625,early,medium,0.0952,0.4888,0.416
A2_1243,A2,0.0,915.030467666667,True,0,0.4962,1791.558349609375,medium,medium,0.14,0.5255,0.3345
A2_1247,A2,0.0,inf,False,0,0.452,,,,,,
A2_1249,A2,0.0,2595.0864085,True,1,0.6598,1732.8857421875,late,medium,0.0809,0.5455,0.3736
A2_1259,A2,0.0,inf,False,1,0.6711,,,,,,
A2_1266,A2,0.0,inf,False,1,0.5665,,,,,,
A2_1271,A2,0.0,2520.08391033333,True,1,0.5411,1391.2352294921875,late,medium,0.2766,0.491,0.2323
A2_1284,A2,0.0,375.012486833333,True,1,0.694,1725.9814453125,early,medium,0.2218,0.4546,0.3235
A2_1288,A2,0.0,3120.10389033333,True,0,0.3154,2175.748046875,late,late,0.0444,0.4556,0.5
A2_1291,A2,0.0,inf,False,1,0.6886,,,,,,
A2_1298,A2,0.0,3270.10888533333,True,1,0.6515,2043.05224609375,late,medium,0.1177,0.5029,0.3794
A2_1299,A2,0.0,1455.04844933333,True,1,0.8622,1653.6429443359375,medium,medium,0.1711,0.5078,0.321
A2_1311,A2,0.0,inf,False,1,0.7021,,,,,,
A2_1325,A2,0.0,inf,False,1,0.9033,,,,,,
A2_134,A2,0.0,690.022975666667,True,1,0.9522,1594.431396484375,early,medium,0.2709,0.4757,0.2534
A2_1396,A2,0.0,1905.06343216667,True,1,0.5474,1593.325439453125,medium,medium,0.1058,0.4826,0.4116
A2_1414,A2,0.0,360.011987333333,True,1,0.5594,1613.9039306640625,early,medium,0.2114,0.4734,0.3152
A2_1424,A2,0.0,1425.04744933333,True,0,0.4385,2333.612548828125,medium,late,0.0479,0.4218,0.5302
A2_1439,A2,0.0,inf,False,0,0.4266,,,,,,
A2_146,A2,0.0,1260.04195566667,True,1,0.8164,2091.27783203125,medium,medium,0.1225,0.4873,0.3902
A2_1472,A2,0.0,1425.04744983333,True,1,0.7347,1776.4122314453125,medium,late,0.3206,0.3271,0.3523
A2_1475,A2,0.0,3045.10139266667,True,1,0.8846,1624.833984375,late,medium,0.2019,0.4672,0.331
A2_1498,A2,0.0,2640.08790766667,True,0,0.4398,2096.30517578125,late,late,0.032,0.4671,0.501
A2_15,A2,0.0,495.0164825,True,1,0.8177,2035.405517578125,early,medium,0.0538,0.532,0.4142
A2_1508,A2,0.0,375.012486833333,True,1,0.8207,1736.7220458984375,early,medium,0.2135,0.4839,0.3025
A2_1510,A2,0.0,1260.04195533333,True,1,0.5988,1773.6380615234375,medium,medium,0.1345,0.4622,0.4033
A2_1515,A2,0.0,1470.04894866667,True,1,0.8252,1625.7601318359375,medium,medium,0.197,0.493,0.31
A2_1518,A2,0.0,2070.068927,True,1,0.8772,1825.593017578125,medium,medium,0.1289,0.5181,0.353
A2_1547,A2,0.0,inf,False,0,0.4419,,,,,,
A2_1576,A2,0.0,inf,False,0,0.4932,,,,,,
A2_1588,A2,0.0,inf,False,0,0.34,,,,,,
A2_1591,A2,0.0,630.020977833333,True,1,0.8155,1392.5888671875,early,medium,0.3052,0.4729,0.2219
A2_1599,A2,0.0,2070.0689275,True,1,0.646,1932.5089111328125,medium,medium,0.1127,0.4654,0.4219
A2_1602,A2,0.0,2220.0739225,True,0,0.401,1824.184326171875,late,medium,0.1085,0.4927,0.3987
A2_1604,A2,0.0,2445.08141416667,True,0,0.3366,2223.66943359375,late,late,0.0646,0.43,0.5054
A2_1606,A2,0.0,inf,False,0,0.4478,,,,,,
A2_1634,A2,0.0,inf,False,0,0.4907,,,,,,
A2_1645,A2,0.0,2310.076918,True,1,0.8854,1579.2772216796875,late,medium,0.1761,0.52,0.3039
A2_1662,A2,0.0,1530.05094633333,True,1,0.7282,1666.8851318359375,medium,medium,0.2393,0.4834,0.2773
A2_1671,A2,0.0,inf,False,0,0.4589,,,,,,
A2_1678,A2,0.0,inf,False,1,0.7383,,,,,,
A2_1682,A2,0.0,inf,False,0,0.3708,,,,,,
A2_1696,A2,0.0,1065.03546183333,True,1,0.6466,1962.8709716796875,medium,medium,0.1265,0.4736,0.3999
A2_1705,A2,0.0,1290.04295516667,True,0,0.4789,2199.173828125,medium,medium,0.063,0.4697,0.4673
A2_1712,A2,0.0,inf,False,1,0.6377,,,,,,
A2_1719,A2,0.0,3030.1008925,True,1,0.6922,1755.6356201171875,late,medium,0.1321,0.5806,0.2874
A2_172,A2,0.0,1905.06343216667,True,1,0.8187,1597.1224365234375,medium,medium,0.2066,0.5104,0.283
A2_1726,A2,0.0,2640.08790683333,True,1,0.5791,1971.511962890625,late,medium,0.1052,0.4944,0.4004
A2_1748,A2,0.0,1380.04595083333,True,1,0.5303,1997.9931640625,medium,late,0.0534,0.455,0.4916
A2_1775,A2,0.0,1680.05594016667,True,1,0.7352,1890.9576416015625,medium,medium,0.1305,0.4905,0.379
A2_1779,A2,0.0,inf,False,0,0.4844,,,,,,
A2_1783,A2,0.0,2295.076419,True,1,0.546,2204.30810546875,late,late,0.0605,0.4652,0.4743
A2_1792,A2,0.0,1005.03346466667,True,1,0.8188,1505.922119140625,medium,medium,0.2661,0.4933,0.2406
A2_1803,A2,0.0,inf,False,1,0.7577,,,,,,
A2_181,A2,0.0,3540.1178755,True,1,0.6064,2189.879150390625,late,medium,0.0513,0.4944,0.4543
A2_1810,A2,0.0,1635.05444183333,True,1,0.5421,1616.419189453125,medium,medium,0.1653,0.5435,0.2913
A2_1813,A2,0.0,inf,False,1,0.606,,,,,,
A2_1816,A2,0.0,810.0269715,True,1,0.8328,1604.7591552734375,early,medium,0.3047,0.458,0.2373
A2_1818,A2,0.0,2655.08840616667,True,1,0.7822,1428.7698974609375,late,medium,0.1331,0.6201,0.2468
A2_1822,A2,0.0,1005.033464,True,0,0.4497,2128.12255859375,medium,medium,0.0393,0.4995,0.4612
A2_1824,A2,0.0,inf,False,1,0.5292,,,,,,
A2_1828,A2,0.0,inf,False,1,0.5938,,,,,,
A2_1839,A2,0.0,inf,False,1,0.5005,,,,,,
A2_1846,A2,0.0,2850.0948995,True,0,0.4883,2048.6044921875,late,medium,0.1848,0.5508,0.2644
A2_1882,A2,0.0,inf,False,1,0.7509,,,,,,
A2_1885,A2,0.0,inf,False,1,0.6454,,,,,,
A2_1889,A2,0.0,2430.08091466667,True,1,0.5811,2235.50048828125,late,medium,0.0624,0.4898,0.4478
A2_1892,A2,0.0,2130.07092466667,True,1,0.817,1873.910400390625,medium,medium,0.1549,0.4819,0.3632
A2_1893,A2,0.0,inf,False,1,0.6239,,,,,,
A2_1915,A2,0.0,1575.05244466667,True,1,0.5624,1862.7745361328125,medium,late,0.216,0.3804,0.4036
A2_192,A2,0.0,3525.117376,True,1,0.6729,1908.149169921875,late,medium,0.2986,0.3799,0.3215
A2_1945,A2,0.0,615.020478333333,True,1,0.7534,1586.85595703125,early,medium,0.1814,0.4983,0.3203
A2_1963,A2,0.0,1170.03895833333,True,1,0.6274,1788.9288330078125,medium,medium,0.1471,0.5165,0.3364
A2_197,A2,0.0,2265.07541933333,True,1,0.5664,1839.037841796875,late,medium,0.0849,0.4939,0.4212
A2_1983,A2,0.0,inf,False,1,0.7381,,,,,,
A2_1988,A2,0.0,1995.06643,True,1,0.7137,1806.9075927734375,medium,medium,0.2489,0.4938,0.2573
A2_1994,A2,0.0,inf,False,0,0.3374,,,,,,
A2_2000,A2,0.0,2340.07791733333,True,1,0.6317,2118.817138671875,late,medium,0.0487,0.5328,0.4185
A2_2002,A2,0.0,inf,False,1,0.61,,,,,,
A2_2003,A2,0.0,inf,False,0,0.4697,,,,,,
A2_2008,A2,0.0,inf,False,1,0.6372,,,,,,
A2_201,A2,0.0,1275.042455,True,1,0.7676,2084.23486328125,medium,medium,0.0797,0.4951,0.4252
A2_2026,A2,0.0,inf,False,0,0.4738,,,,,,
A2_2027,A2,0.0,2040.06792733333,True,1,0.7755,1349.178466796875,medium,medium,0.1964,0.4859,0.3177
A2_2031,A2,0.0,inf,False,1,0.5083,,,,,,
A2_2032,A2,0.0,inf,False,1,0.681,,,,,,
A2_2038,A2,0.0,540.017981,True,1,0.5965,1298.8438720703125,early,medium,0.3247,0.4326,0.2428
A2_204,A2,0.0,2085.069426,True,1,0.7075,1912.50244140625,medium,medium,0.059,0.5102,0.4308
A2_2041,A2,0.0,3060.10189283333,True,1,0.6519,2196.46875,late,medium,0.0633,0.4869,0.4498
A2_2045,A2,0.0,2310.076919,True,1,0.6193,1813.686767578125,late,medium,0.1455,0.4963,0.3582
A2_207,A2,0.0,1830.060936,True,1,0.6711,1912.3603515625,medium,medium,0.1207,0.4898,0.3895
A2_2087,A2,0.0,2475.08241233333,True,1,0.5029,1754.489990234375,late,medium,0.3406,0.4478,0.2117
A2_2113,A2,0.0,1170.03895883333,True,1,0.5998,1834.1439208984375,medium,medium,0.0982,0.4712,0.4306
A2_2116,A2,0.0,inf,False,1,0.7534,,,,,,
A2_2120,A2,0.0,inf,False,1,0.703,,,,,,
A2_2146,A2,0.0,2220.073921,True,0,0.4912,1887.267822265625,late,medium,0.1407,0.4829,0.3764
A2_2160,A2,0.0,2460.08191333333,True,1,0.7026,1540.6827392578125,late,medium,0.2684,0.4625,0.2691
A2_2167,A2,0.0,1470.04894833333,True,1,0.6603,1830.0120849609375,medium,medium,0.2412,0.4882,0.2707
A2_218,A2,0.0,inf,False,1,0.5709,,,,,,
A2_2181,A2,0.0,inf,False,1,0.5098,,,,,,
A2_2183,A2,0.0,inf,False,1,0.5309,,,,,,
A2_2187,A2,0.0,2370.07891666667,True,1,0.6128,1455.9814453125,late,medium,0.1984,0.4986,0.303
A2_2190,A2,0.0,inf,False,1,0.7437,,,,,,
A2_2192,A2,0.0,1470.04894883333,True,0,0.4972,1780.1346435546875,medium,medium,0.0718,0.5088,0.4194
A2_2193,A2,0.0,inf,False,0,0.4712,,,,,,
A2_2201,A2,0.0,1305.04345433333,True,0,0.4035,2101.420166015625,medium,medium,0.103,0.4963,0.4006
A2_2229,A2,0.0,1395.046451,True,1,0.8174,1703.540771484375,medium,medium,0.301,0.4277,0.2712
A2_2239,A2,0.0,inf,False,1,0.5791,,,,,,
A2_224,A2,0.0,1575.05244483333,True,1,0.8606,2122.7470703125,medium,late,0.0515,0.4629,0.4856
A2_226,A2,0.0,2925.0973965,True,1,0.5092,2379.04736328125,late,medium,0.0809,0.4631,0.456
A2_2263,A2,0.0,inf,False,0,0.4575,,,,,,
A2_2273,A2,0.0,inf,False,1,0.5414,,,,,,
A2_2284,A2,0.0,2130.0709255,True,0,0.396,1792.487060546875,medium,medium,0.129,0.5107,0.3603
A2_2299,A2,0.0,2085.0694265,True,1,0.6274,1525.88134765625,medium,medium,0.1924,0.5045,0.3031
A2_2302,A2,0.0,2070.0689265,True,1,0.5439,2071.5693359375,medium,medium,0.0691,0.5077,0.4232
A2_232,A2,0.0,1665.0554415,True,1,0.7732,2117.92431640625,medium,medium,0.14,0.493,0.367
A2_2321,A2,0.0,2355.0784165,True,1,0.5298,2078.55810546875,late,medium,0.0954,0.505,0.3995
A2_2333,A2,0.0,3075.102391,True,0,0.4546,1468.227783203125,late,medium,0.2676,0.4209,0.3115
A2_2339,A2,0.0,1875.06243433333,True,0,0.3716,1910.893310546875,medium,medium,0.1353,0.4985,0.3662
A2_234,A2,0.0,inf,False,1,0.5578,,,,,,
A2_2351,A2,0.0,inf,False,1,0.5713,,,,,,
A2_2355,A2,0.0,1200.039957,True,1,0.8068,1642.27587890625,medium,medium,0.1942,0.5225,0.2832
A2_2367,A2,0.0,inf,False,0,0.4385,,,,,,
A2_2382,A2,0.0,1695.05644033333,True,0,0.4185,2428.979736328125,medium,late,0.0175,0.4083,0.5743
A2_2417,A2,0.0,inf,False,1,0.5317,,,,,,
A2_242,A2,0.0,3705.12336883333,True,0,0.3239,2076.68994140625,late,medium,0.0482,0.5123,0.4395
A2_2420,A2,0.0,855.028470333333,True,1,0.6751,1596.08349609375,early,medium,0.1849,0.6078,0.2073
A2_2434,A2,0.0,1515.0504465,True,0,0.4248,2349.904052734375,medium,late,0.0385,0.4487,0.5127
A2_2438,A2,0.0,inf,False,1,0.5548,,,,,,
A2_2445,A2,0.0,inf,False,1,0.5502,,,,,,
A2_2457,A2,0.0,inf,False,0,0.3696,,,,,,
A2_2459,A2,0.0,915.030467,True,1,0.8521,1322.23291015625,medium,medium,0.3354,0.5269,0.1377
A2_2464,A2,0.0,inf,False,0,0.4595,,,,,,
A2_2473,A2,0.0,1395.0464515,True,1,0.8002,1359.691650390625,medium,medium,0.3179,0.4649,0.2172
A2_2502,A2,0.0,3000.09989416667,True,0,0.4237,2219.07177734375,late,late,0.0514,0.4628,0.4858
A2_2526,A2,0.0,inf,False,1,0.5356,,,,,,
A2_2528,A2,0.0,2985.09939466667,True,1,0.5771,2186.602294921875,late,medium,0.0928,0.4854,0.4219
A2_2531,A2,0.0,inf,False,0,0.3999,,,,,,
A2_2543,A2,0.0,1215.0404575,True,1,0.5918,1539.60107421875,medium,medium,0.1792,0.4971,0.3237
A2_2565,A2,0.0,2250.0749215,True,1,0.7689,1906.2301025390625,late,medium,0.1143,0.5146,0.3711
A2_2567,A2,0.0,inf,False,1,0.6891,,,,,,
A2_2570,A2,0.0,2970.09889583333,True,1,0.5806,2140.05859375,late,medium,0.0957,0.4874,0.4168
A2_2571,A2,0.0,2400.07991583333,True,1,0.5801,2025.34033203125,late,medium,0.1237,0.5255,0.3509
A2_2591,A2,0.0,2565.08540916667,True,0,0.443,2009.213623046875,late,medium,0.1027,0.4925,0.4048
A2_2593,A2,0.0,1335.0444525,True,0,0.4976,2250.82958984375,medium,medium,0.0542,0.5195,0.4263
A2_2596,A2,0.0,inf,False,1,0.5288,,,,,,
A2_2598,A2,0.0,inf,False,1,0.5145,,,,,,
A2_260,A2,0.0,1920.06393216667,True,1,0.5317,2372.693359375,medium,late,0.0429,0.4289,0.5282
A2_2604,A2,0.0,3075.10239083333,True,0,0.4518,2192.45556640625,late,late,0.046,0.4609,0.4931
A2_261,A2,0.0,1410.0469505,True,1,0.6636,1840.72021484375,medium,medium,0.1461,0.4924,0.3615
A2_2621,A2,0.0,1410.04695083333,True,0,0.4268,2054.78857421875,medium,medium,0.0528,0.4858,0.4614
A2_2629,A2,0.0,1350.0449525,True,1,0.5965,1750.79248046875,medium,medium,0.1919,0.5122,0.2959
A2_2692,A2,0.0,1590.052944,True,0,0.3823,1865.76318359375,medium,medium,0.0816,0.5208,0.3976
A2_2698,A2,0.0,2295.0764185,True,1,0.6323,2005.861572265625,late,late,0.0343,0.4471,0.5186
A2_2699,A2,0.0,inf,False,1,0.8443,,,,,,
A2_272,A2,0.0,435.014484666667,True,1,0.722,1339.339599609375,early,medium,0.2081,0.4706,0.3212
A2_2727,A2,0.0,inf,False,1,0.8223,,,,,,
A2_2734,A2,0.0,inf,False,1,0.6577,,,,,,
A2_2758,A2,0.0,1740.0579385,True,1,0.6523,1696.126953125,medium,medium,0.2171,0.4894,0.2934
A2_2787,A2,0.0,3045.10139183333,True,1,0.6616,1378.14306640625,late,medium,0.2839,0.4731,0.2429
A2_2788,A2,0.0,1905.0634335,True,1,0.7641,1590.87451171875,medium,medium,0.1841,0.6125,0.2034
A2_2792,A2,0.0,1905.06343233333,True,1,0.7461,1663.1219482421875,medium,medium,0.2559,0.4937,0.2505
A2_283,A2,0.0,1650.05494266667,True,1,0.6436,2260.80419921875,medium,late,0.0277,0.4852,0.4871
A2_2841,A2,0.0,inf,False,1,0.6108,,,,,,
A2_2847,A2,0.0,inf,False,0,0.4459,,,,,,
A2_285,A2,0.0,1620.05394266667,True,1,0.6309,2057.236328125,medium,medium,0.0784,0.48,0.4417
A2_2853,A2,0.0,inf,False,1,0.8154,,,,,,
A2_2859,A2,0.0,inf,False,1,0.5659,,,,,,
A2_286,A2,0.0,750.024973666667,True,1,0.884,2232.855224609375,early,medium,0.0751,0.5248,0.4001
A2_2864,A2,0.0,inf,False,1,0.5502,,,,,,
A2_287,A2,0.0,3675.122371,True,1,0.6366,2214.779296875,late,medium,0.1083,0.4793,0.4124
A2_289,A2,0.0,1650.05494266667,True,1,0.7752,1885.563720703125,medium,medium,0.1044,0.4975,0.3981
A2_2890,A2,0.0,inf,False,1,0.5425,,,,,,
A2_2892,A2,0.0,inf,False,0,0.4844,,,,,,
A2_2902,A2,0.0,inf,False,0,0.4703,,,,,,
A2_2958,A2,0.0,585.01948,True,1,0.6484,1899.83837890625,early,medium,0.3084,0.4739,0.2177
A2_3018,A2,0.0,inf,False,1,0.73,,,,,,
A2_3031,A2,0.0,1980.0659305,True,1,0.5392,2051.01171875,medium,medium,0.1318,0.4819,0.3862
A2_3032,A2,0.0,1035.03446383333,True,1,0.5665,1796.3607177734375,medium,medium,0.1845,0.4783,0.3372
A2_308,A2,0.0,1950.064931,True,1,0.5259,2127.523681640625,medium,medium,0.064,0.482,0.4539
A2_3080,A2,0.0,inf,False,1,0.742,,,,,,
A2_3085,A2,0.0,855.028469833333,True,0,0.4961,1917.3914794921875,early,medium,0.1129,0.5162,0.3709
A2_3095,A2,0.0,inf,False,1,0.5819,,,,,,
A2_31,A2,0.0,1995.06643016667,True,1,0.8098,1956.89697265625,medium,medium,0.0671,0.5308,0.4021
A2_3100,A2,0.0,540.0179815,True,1,0.6406,1599.386474609375,early,medium,0.1909,0.4946,0.3145
A2_3109,A2,0.0,2100.06992533333,True,0,0.3154,2153.84521484375,medium,medium,0.0716,0.4806,0.4478
A2_312,A2,0.0,1845.06143483333,True,1,0.6982,1848.69287109375,medium,medium,0.1368,0.5204,0.3427
A2_3122,A2,0.0,inf,False,1,0.5479,,,,,,
A2_3133,A2,0.0,1890.06293316667,True,1,0.7793,1936.097412109375,medium,medium,0.1355,0.4807,0.3838
A2_3135,A2,0.0,870.028969333334,True,0,0.4955,1956.328369140625,early,medium,0.189,0.4617,0.3494
A2_3154,A2,0.0,inf,False,0,0.4312,,,,,,
A2_3167,A2,0.0,inf,False,1,0.5317,,,,,,
A2_3174,A2,0.0,630.020977,True,1,0.6948,1512.64599609375,early,medium,0.3284,0.4341,0.2375
A2_3187,A2,0.0,660.021977,True,1,0.5244,1619.821533203125,early,medium,0.1911,0.5877,0.2211
A2_3220,A2,0.0,inf,False,1,0.5515,,,,,,
A2_3233,A2,0.0,inf,False,1,0.5269,,,,,,
A2_3265,A2,0.0,inf,False,0,0.4951,,,,,,
A2_3288,A2,0.0,inf,False,1,0.6688,,,,,,
A2_3308,A2,0.0,750.024973666667,True,1,0.6489,1767.355712890625,early,medium,0.1565,0.5054,0.3381
A2_331,A2,0.0,3375.1123815,True,1,0.5601,2358.833740234375,late,late,0.0472,0.459,0.4937
A2_3329,A2,0.0,555.018480833333,True,1,0.7327,2138.9599609375,early,medium,0.1317,0.5502,0.3181
A2_3335,A2,0.0,inf,False,0,0.3507,,,,,,
A2_334,A2,0.0,2235.0744215,True,1,0.639,1926.759033203125,late,medium,0.1337,0.5009,0.3654
A2_3349,A2,0.0,2265.0754195,True,0,0.3779,1925.58056640625,late,medium,0.0748,0.5141,0.4111
A2_335,A2,0.0,inf,False,0,0.4562,,,,,,
A2_3357,A2,0.0,inf,False,0,0.4829,,,,,,
A2_3365,A2,0.0,645.021477333333,True,1,0.7269,1515.116455078125,early,medium,0.2384,0.4792,0.2824
A2_3370,A2,0.0,1260.04195616667,True,1,0.8854,1603.7916259765625,medium,medium,0.3469,0.3831,0.27
A2_3374,A2,0.0,inf,False,1,0.6416,,,,,,
A2_3375,A2,0.0,2430.0809145,True,0,0.4517,2226.2236328125,late,medium,0.064,0.4751,0.4609
A2_3379,A2,0.0,inf,False,1,0.5264,,,,,,
A2_3386,A2,0.0,1650.05494133333,True,0,0.3706,2191.849365234375,medium,late,0.0457,0.4524,0.502
A2_3388,A2,0.0,525.017481166667,True,1,0.6359,1225.89794921875,early,medium,0.3161,0.4584,0.2255
A2_3394,A2,0.0,inf,False,1,0.5555,,,,,,
A2_3401,A2,0.0,inf,False,0,0.4634,,,,,,
A2_341,A2,0.0,inf,False,1,0.5309,,,,,,
A2_3440,A2,0.0,inf,False,1,0.5356,,,,,,
A2_3457,A2,0.0,780.025973,True,1,0.6629,1968.54443359375,early,medium,0.282,0.4231,0.2949
A2_3475,A2,0.0,inf,False,0,0.4526,,,,,,
A2_3488,A2,0.0,2295.07641933333,True,1,0.5068,2233.185302734375,late,late,0.041,0.4654,0.4937
A2_3490,A2,0.0,inf,False,0,0.382,,,,,,
A2_3497,A2,0.0,2160.07192433333,True,1,0.6009,1724.590087890625,medium,medium,0.1863,0.4739,0.3398
A2_3516,A2,0.0,inf,False,1,0.7197,,,,,,
A2_3553,A2,0.0,inf,False,0,0.436,,,,,,
A2_3561,A2,0.0,inf,False,0,0.4411,,,,,,
A2_3612,A2,0.0,795.026471833333,True,1,0.6743,1653.3037109375,early,medium,0.2493,0.4895,0.2612
A2_3616,A2,0.0,inf,False,1,0.5664,,,,,,
A2_362,A2,0.0,1545.05144533333,True,1,0.5547,2094.380859375,medium,medium,0.1394,0.4954,0.3652
A2_3628,A2,0.0,inf,False,0,0.3457,,,,,,
A2_3642,A2,0.0,810.026971666667,True,0,0.4123,1971.714599609375,early,medium,0.0792,0.4944,0.4263
A2_3656,A2,0.0,inf,False,1,0.538,,,,,,
A2_3671,A2,0.0,1860.06193383333,True,1,0.5977,2026.367431640625,medium,medium,0.0676,0.4844,0.448
A2_3676,A2,0.0,inf,False,1,0.5107,,,,,,
A2_368,A2,0.0,3420.11387866667,True,1,0.874,2009.0654296875,late,medium,0.2361,0.4634,0.3005
A2_3682,A2,0.0,inf,False,0,0.4818,,,,,,
A2_369,A2,0.0,inf,False,1,0.6187,,,,,,
A2_3690,A2,0.0,2565.08540933333,True,1,0.6611,1521.233154296875,late,early,0.4785,0.3535,0.168
A2_3695,A2,0.0,inf,False,0,0.416,,,,,,
A2_370,A2,0.0,2070.0689265,True,0,0.4697,2410.42431640625,medium,late,0.0391,0.4316,0.5293
A2_3700,A2,0.0,inf,False,1,0.8541,,,,,,
A2_3713,A2,0.0,inf,False,1,0.7015,,,,,,
A2_3715,A2,0.0,inf,False,0,0.4004,,,,,,
A2_3717,A2,0.0,inf,False,1,0.7217,,,,,,
A2_3724,A2,0.0,inf,False,1,0.6662,,,,,,
A2_3727,A2,0.0,1800.059936,True,1,0.8242,1692.7530517578125,medium,medium,0.1785,0.4673,0.3542
A2_3737,A2,0.0,inf,False,1,0.6141,,,,,,
A2_374,A2,0.0,inf,False,1,0.6836,,,,,,
A2_3744,A2,0.0,inf,False,1,0.6855,,,,,,
A2_3751,A2,0.0,1200.039957,True,1,0.5635,2033.4052734375,medium,medium,0.0659,0.5233,0.4108
A2_376,A2,0.0,inf,False,1,0.5127,,,,,,
A2_3763,A2,0.0,2100.06992666667,True,0,0.4828,2261.361328125,medium,late,0.0608,0.4563,0.4829
A2_3770,A2,0.0,1935.06443333333,True,1,0.5778,1719.615478515625,medium,medium,0.161,0.5223,0.3168
A2_3774,A2,0.0,inf,False,1,0.5991,,,,,,
A2_38,A2,0.0,1725.05743966667,True,1,0.9051,1864.316650390625,medium,medium,0.1347,0.4927,0.3726
A2_380,A2,0.0,3600.11987316667,True,1,0.6182,2190.59228515625,late,medium,0.0619,0.5019,0.4362
A2_3811,A2,0.0,inf,False,1,0.7612,,,,,,
A2_3814,A2,0.0,2190.07292333333,True,0,0.4785,2176.717529296875,late,medium,0.0616,0.5035,0.4349
A2_3823,A2,0.0,1440.04795,True,1,0.5633,1436.8634033203125,medium,medium,0.2316,0.492,0.2764
A2_3828,A2,0.0,inf,False,0,0.4761,,,,,,
A2_384,A2,0.0,3165.10538816667,True,1,0.5444,1804.07861328125,late,medium,0.1234,0.5064,0.3702
A2_3843,A2,0.0,inf,False,0,0.4648,,,,,,
A2_3845,A2,0.0,2100.06992666667,True,1,0.776,2000.0601806640625,medium,medium,0.0838,0.467,0.4492
A2_3847,A2,0.0,1410.04695,True,0,0.4289,1781.974365234375,medium,medium,0.1179,0.4995,0.3826
A2_3859,A2,0.0,465.015483333333,True,1,0.5078,1698.880859375,early,medium,0.2566,0.4497,0.2937
A2_3865,A2,0.0,570.01898,True,1,0.6395,1902.0240478515625,early,medium,0.2483,0.4722,0.2795
A2_3873,A2,0.0,inf,False,1,0.5923,,,,,,
A2_3875,A2,0.0,inf,False,0,0.4884,,,,,,
A2_3884,A2,0.0,inf,False,1,0.5005,,,,,,
A2_3903,A2,0.0,inf,False,1,0.6592,,,,,,
A2_3924,A2,0.0,inf,False,1,0.5532,,,,,,
A2_3927,A2,0.0,inf,False,1,0.6924,,,,,,
A2_3941,A2,0.0,inf,False,1,0.5794,,,,,,
A2_395,A2,0.0,2625.08740816667,True,1,0.7015,2006.6170654296875,late,medium,0.2388,0.4089,0.3523
A2_396,A2,0.0,2505.083412,True,1,0.5895,1980.7637939453125,late,medium,0.1356,0.4759,0.3885
A2_3984,A2,0.0,inf,False,1,0.6787,,,,,,
A2_3996,A2,0.0,1095.03646166667,True,1,0.8103,1404.200927734375,medium,medium,0.2537,0.4968,0.2495
A2_3997,A2,0.0,615.020478333333,True,1,0.5253,1343.3509521484375,early,medium,0.2681,0.4797,0.2522
A2_4002,A2,0.0,inf,False,0,0.4357,,,,,,
A2_4008,A2,0.0,330.010988333333,True,1,0.6382,1466.917236328125,early,medium,0.3842,0.3938,0.222
A2_4017,A2,0.0,inf,False,0,0.2795,,,,,,
A2_4029,A2,0.0,660.021976666667,True,1,0.6193,1653.989013671875,early,medium,0.2061,0.4956,0.2983
A2_404,A2,0.0,2985.09939483333,True,1,0.5796,2308.119140625,late,medium,0.0529,0.4864,0.4607
A2_4054,A2,0.0,1395.04645166667,True,1,0.6327,1442.88818359375,medium,medium,0.2624,0.4572,0.2804
A2_4065,A2,0.0,inf,False,1,0.6816,,,,,,
A2_407,A2,0.0,inf,False,0,0.4814,,,,,,
A2_4083,A2,0.0,420.013985,True,1,0.8163,1313.8966064453125,early,medium,0.4033,0.4753,0.1213
A2_4101,A2,0.0,inf,False,1,0.6816,,,,,,
A2_4111,A2,0.0,inf,False,1,0.5467,,,,,,
A2_4126,A2,0.0,1155.03845833333,True,0,0.4712,1604.8494873046875,medium,medium,0.2822,0.4941,0.2236
A2_4135,A2,0.0,465.015483333333,True,1,0.6255,1529.4686279296875,early,medium,0.2886,0.3998,0.3116
A2_4139,A2,0.0,inf,False,0,0.4838,,,,,,
A2_4149,A2,0.0,inf,False,1,0.5177,,,,,,
A2_416,A2,0.0,630.020977833333,True,1,0.7772,2035.91357421875,early,medium,0.1048,0.5577,0.3375
A2_4161,A2,0.0,375.012486666667,True,1,0.825,1331.861328125,early,medium,0.3238,0.4568,0.2194
A2_4169,A2,0.0,2280.07592,True,0,0.4897,1996.527099609375,late,medium,0.0933,0.4912,0.4155
A2_4172,A2,0.0,1320.04395333333,True,1,0.6536,1686.2789306640625,medium,medium,0.1252,0.4822,0.3926
A2_4173,A2,0.0,inf,False,0,0.326,,,,,,
A2_4178,A2,0.0,1650.05494166667,True,0,0.3862,2015.756591796875,medium,medium,0.103,0.4999,0.3971
A2_4212,A2,0.0,inf,False,0,0.3608,,,,,,
A2_422,A2,0.0,735.024474166667,True,1,0.7178,1859.63671875,early,medium,0.1718,0.5707,0.2575
A2_4240,A2,0.0,1725.05744,True,1,0.6357,1376.4080810546875,medium,medium,0.2017,0.4719,0.3264
A2_4260,A2,0.0,inf,False,1,0.5672,,,,,,
A2_4262,A2,0.0,inf,False,1,0.5356,,,,,,
A2_428,A2,0.0,1740.05793916667,True,1,0.5887,2293.14306640625,medium,medium,0.0585,0.4776,0.4639
A2_4284,A2,0.0,360.011988333333,True,1,0.7227,1262.5260009765625,early,early,0.5021,0.3624,0.1354
A2_4286,A2,0.0,960.031966666667,True,0,0.4447,1865.49560546875,medium,medium,0.094,0.4968,0.4092
A2_4290,A2,0.0,1425.04745,True,1,0.6161,2036.223876953125,medium,medium,0.0338,0.4951,0.4712
A2_4297,A2,0.0,1530.05094666667,True,1,0.6982,1390.20068359375,medium,medium,0.281,0.4922,0.2267
A2_43,A2,0.0,255.008491,True,1,0.9037,1971.3203125,early,medium,0.21,0.4678,0.3223
A2_430,A2,0.0,2745.0914025,True,1,0.749,2295.8798828125,late,late,0.0291,0.4734,0.4975
A2_4310,A2,0.0,1980.06593,True,1,0.7529,1222.83837890625,medium,medium,0.2888,0.478,0.2332
A2_432,A2,0.0,inf,False,1,0.7355,,,,,,
A2_4332,A2,0.0,inf,False,0,0.4579,,,,,,
A2_4357,A2,0.0,915.030466666667,True,1,0.7152,1612.5050048828125,medium,medium,0.2053,0.4817,0.313
A2_4368,A2,0.0,inf,False,1,0.6265,,,,,,
A2_437,A2,0.0,3045.1013925,True,0,0.4551,2275.83544921875,late,late,0.0462,0.4452,0.5086
A2_4393,A2,0.0,inf,False,0,0.4933,,,,,,
A2_441,A2,0.0,1725.05743966667,True,1,0.7648,2046.294921875,medium,medium,0.1091,0.492,0.399
A2_4434,A2,0.0,1035.03446333333,True,1,0.6224,1614.141357421875,medium,medium,0.2613,0.5005,0.2382
A2_4472,A2,0.0,inf,False,0,0.3477,,,,,,
A2_4495,A2,0.0,inf,False,0,0.4902,,,,,,
A2_4514,A2,0.0,inf,False,1,0.5331,,,,,,
A2_453,A2,0.0,2025.067428,True,1,0.5015,2367.15087890625,medium,medium,0.0421,0.4848,0.4731
A2_4533,A2,0.0,inf,False,0,0.4805,,,,,,
A2_458,A2,0.0,inf,False,1,0.5903,,,,,,
A2_4588,A2,0.0,inf,False,1,0.6372,,,,,,
A2_459,A2,0.0,inf,False,1,0.5688,,,,,,
A2_46,A2,0.0,1800.05993733333,True,1,0.5718,1955.667236328125,medium,medium,0.1294,0.4585,0.4121
A2_460,A2,0.0,2910.096898,True,1,0.7899,1745.8004150390625,late,medium,0.165,0.486,0.349
A2_461,A2,0.0,2730.09090416667,True,1,0.9185,1730.57861328125,late,medium,0.0972,0.4978,0.405
A2_4655,A2,0.0,1305.04345333333,True,1,0.5957,1450.6207275390625,medium,medium,0.269,0.4651,0.2659
A2_4659,A2,0.0,330.010988333333,True,1,0.611,1526.591796875,early,medium,0.2004,0.5033,0.2963
A2_470,A2,0.0,inf,False,1,0.6322,,,,,,
A2_477,A2,0.0,inf,False,1,0.5288,,,,,,
A2_478,A2,0.0,3135.10438916667,True,1,0.866,2054.364990234375,late,medium,0.0675,0.4754,0.4571
A2_485,A2,0.0,inf,False,1,0.5322,,,,,,
A2_490,A2,0.0,inf,False,1,0.6113,,,,,,
A2_498,A2,0.0,1260.04195583333,True,1,0.6205,1964.6298828125,medium,medium,0.0867,0.4839,0.4294
A2_509,A2,0.0,3390.11288033333,True,1,0.6572,2092.56640625,late,medium,0.094,0.5175,0.3884
A2_514,A2,0.0,3105.10339083333,True,1,0.8752,2073.795166015625,late,medium,0.0963,0.4932,0.4105
A2_518,A2,0.0,1380.045952,True,1,0.7023,1281.893310546875,medium,medium,0.2314,0.5308,0.2378
A2_522,A2,0.0,2340.077918,True,1,0.5396,2125.6435546875,late,medium,0.0319,0.5077,0.4604
A2_53,A2,0.0,inf,False,1,0.6974,,,,,,
A2_530,A2,0.0,3240.10788583333,True,1,0.5649,2045.7177734375,late,medium,0.0825,0.5,0.4175
A2_535,A2,0.0,inf,False,0,0.4746,,,,,,
A2_538,A2,0.0,inf,False,1,0.6271,,,,,,
A2_54,A2,0.0,2085.06942683333,True,1,0.7485,2053.2470703125,medium,medium,0.0613,0.4883,0.4505
A2_544,A2,0.0,1275.04245516667,True,1,0.667,2107.844970703125,medium,medium,0.1251,0.4787,0.3962
A2_546,A2,0.0,1665.05544066667,True,1,0.8798,1508.5306396484375,medium,medium,0.2378,0.4805,0.2817
A2_550,A2,0.0,inf,False,0,0.3794,,,,,,
A2_554,A2,0.0,inf,False,0,0.4609,,,,,,
A2_561,A2,0.0,2940.09789583333,True,1,0.5684,1902.507080078125,late,medium,0.1664,0.4952,0.3384
A2_57,A2,0.0,1590.052944,True,1,0.5824,2043.18310546875,medium,medium,0.0797,0.5001,0.4202
A2_573,A2,0.0,inf,False,1,0.5919,,,,,,
A2_575,A2,0.0,3630.12087233333,True,1,0.5762,2226.494140625,late,medium,0.0691,0.4963,0.4346
A2_578,A2,0.0,2640.0879075,True,0,0.4253,1509.236083984375,late,medium,0.2169,0.5172,0.2659
A2_580,A2,0.0,360.011987333333,True,1,0.6738,1644.861083984375,early,medium,0.1758,0.4578,0.3665
A2_589,A2,0.0,inf,False,0,0.3867,,,,,,
A2_599,A2,0.0,1680.05594083333,True,1,0.7261,2165.172119140625,medium,medium,0.1565,0.4967,0.3468
A2_604,A2,0.0,2535.08441083333,True,1,0.925,1943.3228759765625,late,medium,0.0872,0.4931,0.4197
A2_607,A2,0.0,inf,False,1,0.6649,,,,,,
A2_612,A2,0.0,1815.06043533333,True,1,0.8492,1787.904052734375,medium,medium,0.2048,0.4955,0.2997
A2_615,A2,0.0,1770.058938,True,1,0.6401,2407.6796875,medium,late,0.0426,0.4476,0.5098
A2_617,A2,0.0,1785.05943633333,True,1,0.938,1669.0350341796875,medium,medium,0.2064,0.4392,0.3544
A2_629,A2,0.0,1815.06043533333,True,1,0.6362,1776.722900390625,medium,medium,0.1041,0.5054,0.3904
A2_635,A2,0.0,3105.10339066667,True,1,0.5566,2129.41357421875,late,medium,0.1441,0.4826,0.3732
A2_637,A2,0.0,3015.10039366667,True,1,0.5758,1909.998046875,late,medium,0.1208,0.5069,0.3723
A2_647,A2,0.0,2685.08940566667,True,1,0.6131,2153.68994140625,late,medium,0.0287,0.5137,0.4576
A2_653,A2,0.0,3600.1198725,True,1,0.5586,2108.0029296875,late,late,0.0731,0.4445,0.4824
A2_658,A2,0.0,2070.068927,True,1,0.5661,1936.1502685546875,medium,medium,0.1,0.521,0.3789
A2_691,A2,0.0,1680.05594083333,True,1,0.7038,2120.395263671875,medium,medium,0.0636,0.4833,0.4531
A2_692,A2,0.0,2715.09040466667,True,1,0.8156,2047.9853515625,late,medium,0.1184,0.4769,0.4047
A2_699,A2,0.0,inf,False,1,0.6196,,,,,,
A2_700,A2,0.0,1530.05094633333,True,1,0.9096,1609.7510986328125,medium,medium,0.2934,0.4941,0.2125
A2_712,A2,0.0,990.032965166667,True,1,0.8886,1876.618896484375,medium,medium,0.3187,0.4203,0.2611
A2_714,A2,0.0,1755.05843833333,True,1,0.9225,1589.6329345703125,medium,early,0.4001,0.3201,0.2798
A2_740,A2,0.0,1590.05294366667,True,1,0.8609,2213.643310546875,medium,medium,0.1167,0.4884,0.3949
A2_741,A2,0.0,2865.09539833333,True,1,0.6147,1710.154296875,late,medium,0.185,0.5211,0.294
A2_744,A2,0.0,3150.104889,True,0,0.4033,2097.251708984375,late,medium,0.0525,0.4748,0.4726
A2_745,A2,0.0,2490.08291166667,True,1,0.6525,1763.848388671875,late,medium,0.1812,0.4834,0.3354
A2_752,A2,0.0,2025.0674285,True,1,0.5624,2119.6220703125,medium,medium,0.121,0.4912,0.3877
A2_753,A2,0.0,1515.05044583333,True,1,0.8663,1738.849609375,medium,medium,0.156,0.4891,0.3549
A2_762,A2,0.0,2070.068927,True,0,0.3682,1997.5341796875,medium,late,0.0777,0.4467,0.4755
A2_770,A2,0.0,1485.0494485,True,1,0.7274,1927.39208984375,medium,medium,0.0616,0.5416,0.3968
A2_778,A2,0.0,3270.10888466667,True,0,0.4951,2107.1923828125,late,medium,0.1039,0.5034,0.3928
A2_782,A2,0.0,inf,False,0,0.3739,,,,,,
A2_786,A2,0.0,2760.0919035,True,0,0.3841,2191.8271484375,late,medium,0.0715,0.4998,0.4287
A2_787,A2,0.0,inf,False,0,0.396,,,,,,
A2_794,A2,0.0,3165.105389,True,1,0.7713,2353.323974609375,late,medium,0.0466,0.4827,0.4707
A2_806,A2,0.0,inf,False,1,0.5973,,,,,,
A2_807,A2,0.0,1635.05444283333,True,1,0.623,2062.873046875,medium,medium,0.086,0.4931,0.4208
A2_808,A2,0.0,inf,False,1,0.5269,,,,,,
A2_811,A2,0.0,2925.09739683333,True,1,0.7834,2023.1129150390625,late,medium,0.0828,0.4734,0.4438
A2_814,A2,0.0,2280.075919,True,1,0.6647,1879.63916015625,late,medium,0.1812,0.4897,0.3291
A2_818,A2,0.0,2550.0849095,True,1,0.7851,2132.279541015625,late,medium,0.0431,0.5194,0.4374
A2_820,A2,0.0,2880.09589783333,True,1,0.661,1695.8912353515625,late,medium,0.2219,0.4753,0.3027
A2_828,A2,0.0,1740.05793783333,True,1,0.5049,2147.009521484375,medium,medium,0.0566,0.4888,0.4546
A2_834,A2,0.0,inf,False,1,0.6719,,,,,,
A2_839,A2,0.0,inf,False,0,0.4264,,,,,,
A2_846,A2,0.0,inf,False,1,0.6403,,,,,,
A2_85,A2,0.0,inf,False,1,0.5576,,,,,,
A2_854,A2,0.0,1515.05044733333,True,1,0.7251,2020.365966796875,medium,medium,0.1016,0.507,0.3915
A2_868,A2,0.0,2640.087907,True,1,0.5946,2012.95849609375,late,late,0.038,0.4214,0.5406
A2_872,A2,0.0,inf,False,1,0.5781,,,,,,
A2_874,A2,0.0,inf,False,1,0.7176,,,,,,
A2_875,A2,0.0,1395.04645016667,True,1,0.8642,1904.748291015625,medium,medium,0.2074,0.4732,0.3194
A2_883,A2,0.0,inf,False,1,0.5498,,,,,,
A2_885,A2,0.0,1470.04894783333,True,0,0.389,2275.451171875,medium,late,0.0395,0.442,0.5184
A2_904,A2,0.0,1815.06043683333,True,1,0.7689,1643.581298828125,medium,medium,0.1621,0.4993,0.3386
A2_909,A2,0.0,3555.11837533333,True,1,0.7148,2018.76953125,late,medium,0.1028,0.5238,0.3734
A2_912,A2,0.0,2880.095899,True,1,0.591,2093.4248046875,late,medium,0.0767,0.4998,0.4236
A2_915,A2,0.0,inf,False,1,0.5796,,,,,,
A2_92,A2,0.0,3855.12836333333,True,1,0.5,2136.64306640625,late,late,0.028,0.4555,0.5165
A2_946,A2,0.0,inf,False,1,0.6416,,,,,,
A2_97,A2,0.0,1170.03895866667,True,1,0.7391,1802.248779296875,medium,medium,0.1183,0.5626,0.3191
A2_980,A2,0.0,2010.06692966667,True,0,0.453,1833.06201171875,medium,medium,0.1967,0.4849,0.3184
A2_993,A2,0.0,2505.083411,True,1,0.5122,2247.537109375,late,medium,0.0819,0.4962,0.422
A2_997,A2,0.0,3000.09989383333,True,0,0.4907,2224.091796875,late,medium,0.0503,0.4829,0.4668
A2_998,A2,0.0,inf,False,1,0.66,,,,,,
A3_1001,A3,0.0,inf,False,1,0.5814,,,,,,
A3_1003,A3,0.0,2940.1124515,True,1,0.7248,2160.87353515625,late,medium,0.0639,0.4844,0.4517
A3_1012,A3,0.0,390.014917,True,1,0.8942,1649.324462890625,early,medium,0.1573,0.5326,0.31
A3_1015,A3,0.0,2370.09064983333,True,1,0.687,1956.54345703125,late,medium,0.1052,0.5044,0.3904
A3_1024,A3,0.0,2730.10441966667,True,1,0.6291,1455.4755859375,late,medium,0.2479,0.5204,0.2318
A3_1026,A3,0.0,2700.103271,True,1,0.5775,1610.4312744140625,late,medium,0.1244,0.4936,0.382
A3_1027,A3,0.0,2340.08950133333,True,1,0.7036,1507.724365234375,late,medium,0.2281,0.5004,0.2715
A3_1029,A3,0.0,825.031555166667,True,1,0.8368,1573.5743408203125,early,medium,0.1452,0.5848,0.27
A3_1034,A3,0.0,inf,False,1,0.6274,,,,,,
A3_1038,A3,0.0,1575.06024183333,True,1,0.8373,1688.52880859375,medium,medium,0.1742,0.5108,0.315
A3_1044,A3,0.0,1935.07401083333,True,1,0.5947,1840.27783203125,medium,medium,0.1207,0.4973,0.382
A3_1046,A3,0.0,inf,False,1,0.7306,,,,,,
A3_106,A3,0.0,420.016064333333,True,1,0.7928,1913.96484375,early,medium,0.1235,0.4951,0.3813
A3_1071,A3,0.0,inf,False,1,0.6006,,,,,,
A3_1089,A3,0.0,2385.091223,True,1,0.8745,1521.001953125,late,medium,0.1713,0.6075,0.2212
A3_1093,A3,0.0,1395.05335766667,True,1,0.6001,2270.3017578125,medium,medium,0.0851,0.4999,0.415
A3_1110,A3,0.0,1770.0677005,True,1,0.5886,1569.8094482421875,medium,medium,0.1548,0.4321,0.4131
A3_1113,A3,0.0,inf,False,1,0.645,,,,,,
A3_113,A3,0.0,1215.04647216667,True,1,0.7441,2238.5146484375,medium,medium,0.1063,0.4962,0.3975
A3_1130,A3,0.0,inf,False,0,0.4297,,,,,,
A3_1133,A3,0.0,2475.09466583333,True,1,0.9109,1705.45361328125,late,medium,0.1916,0.4556,0.3528
A3_1134,A3,0.0,inf,False,1,0.6362,,,,,,
A3_1141,A3,0.0,2505.09581266667,True,1,0.7095,2200.89892578125,late,medium,0.0735,0.5277,0.3988
A3_1144,A3,0.0,1545.05909466667,True,1,0.7197,1591.428955078125,medium,medium,0.1152,0.5284,0.3565
A3_1149,A3,0.0,1200.04589866667,True,1,0.6914,1278.3487548828125,medium,medium,0.3634,0.4435,0.1931
A3_1154,A3,0.0,inf,False,1,0.6597,,,,,,
A3_116,A3,0.0,inf,False,1,0.6011,,,,,,
A3_1166,A3,0.0,2325.088928,True,1,0.7085,2121.26806640625,late,medium,0.0737,0.5323,0.3941
A3_1173,A3,0.0,1305.04991466667,True,1,0.5555,2077.37451171875,medium,medium,0.0675,0.4808,0.4517
A3_1182,A3,0.0,inf,False,1,0.7129,,,,,,
A3_1191,A3,0.0,1230.04704633333,True,1,0.6816,1203.655029296875,medium,medium,0.2479,0.4948,0.2573
A3_1193,A3,0.0,2505.0958125,True,1,0.8738,1418.799072265625,late,medium,0.3418,0.4567,0.2015
A3_1196,A3,0.0,1725.06597883333,True,1,0.762,1891.77685546875,medium,medium,0.14,0.5108,0.3492
A3_1198,A3,0.0,inf,False,0,0.4674,,,,,,
A3_1206,A3,0.0,1530.05851966667,True,1,0.541,2049.9609375,medium,medium,0.0518,0.5116,0.4366
A3_1210,A3,0.0,1590.06081516667,True,1,0.8725,1689.5384521484375,medium,medium,0.2149,0.5078,0.2773
A3_1214,A3,0.0,3360.12851633333,True,1,0.728,1531.6336669921875,late,medium,0.1612,0.5026,0.3363
A3_1225,A3,0.0,2235.08548516667,True,1,0.7219,2097.664306640625,late,late,0.046,0.4271,0.5269
A3_123,A3,0.0,2400.09179666667,True,1,0.5331,1598.95654296875,late,medium,0.1512,0.5058,0.343
A3_1231,A3,0.0,585.0223755,True,1,0.6388,2269.586181640625,early,medium,0.0875,0.4864,0.4261
A3_1239,A3,0.0,585.0223755,True,1,0.6823,1809.6531982421875,early,medium,0.1598,0.5206,0.3196
A3_1240,A3,0.0,1455.05565133333,True,1,0.7318,1941.5303955078125,medium,medium,0.132,0.493,0.375
A3_1242,A3,0.0,510.019506833333,True,1,0.7324,1388.576416015625,early,medium,0.1926,0.4971,0.3103
A3_1257,A3,0.0,1125.04303066667,True,1,0.5866,1963.083740234375,medium,medium,0.0881,0.5082,0.4037
A3_1259,A3,0.0,2490.095239,True,1,0.6162,1944.915771484375,late,medium,0.1008,0.5073,0.3918
A3_1265,A3,0.0,1155.04417766667,True,1,0.7049,1930.538818359375,medium,medium,0.1092,0.4916,0.3991
A3_1295,A3,0.0,inf,False,1,0.5908,,,,,,
A3_1302,A3,0.0,1860.07114333333,True,0,0.4302,1842.3677978515625,medium,medium,0.2323,0.4916,0.2761
A3_1307,A3,0.0,1425.05450466667,True,1,0.5936,1628.0380859375,medium,medium,0.2015,0.5175,0.281
A3_1321,A3,0.0,inf,False,1,0.5621,,,,,,
A3_1328,A3,0.0,inf,False,1,0.6655,,,,,,
A3_1332,A3,0.0,1395.05335716667,True,1,0.6494,1957.90625,medium,late,0.2661,0.3337,0.4001
A3_1339,A3,0.0,2040.07802716667,True,1,0.6877,1867.611572265625,medium,medium,0.1011,0.5112,0.3877
A3_1343,A3,0.0,inf,False,1,0.5903,,,,,,
A3_139,A3,0.0,1290.04934083333,True,1,0.6909,2175.41748046875,medium,medium,0.0636,0.4898,0.4466
A3_1397,A3,0.0,900.034423833333,True,1,0.6024,1487.511962890625,early,medium,0.2329,0.5421,0.225
A3_140,A3,0.0,inf,False,1,0.5933,,,,,,
A3_1418,A3,0.0,inf,False,1,0.7791,,,,,,
A3_1425,A3,0.0,2640.10097733333,True,0,0.4245,2103.40673828125,late,medium,0.0723,0.488,0.4397
A3_143,A3,0.0,1380.05278333333,True,1,0.6196,2060.612548828125,medium,medium,0.1001,0.4915,0.4084
A3_1434,A3,0.0,inf,False,1,0.6421,,,,,,
A3_1436,A3,0.0,inf,False,1,0.5409,,,,,,
A3_144,A3,0.0,645.0246705,True,1,0.7823,1863.172119140625,early,medium,0.1177,0.4819,0.4004
A3_1461,A3,0.0,3105.11876133333,True,1,0.7603,1864.166748046875,late,medium,0.3185,0.4025,0.279
A3_1462,A3,0.0,3285.12564733333,True,1,0.5238,2032.0096435546875,late,medium,0.0703,0.5049,0.4248
A3_1467,A3,0.0,1650.06310983333,True,1,0.8066,1381.5738525390625,medium,medium,0.2503,0.5099,0.2398
A3_1469,A3,0.0,2205.08433783333,True,1,0.777,1728.1517333984375,late,medium,0.2101,0.4947,0.2952
A3_1484,A3,0.0,2655.10155116667,True,1,0.8512,1522.2220458984375,late,medium,0.1851,0.501,0.314
A3_1500,A3,0.0,inf,False,0,0.4937,,,,,,
A3_1501,A3,0.0,inf,False,1,0.5292,,,,,,
A3_153,A3,0.0,1530.05852133333,True,1,0.605,1967.4268798828125,medium,medium,0.1068,0.5308,0.3623
A3_1539,A3,0.0,inf,False,0,0.4302,,,,,,
A3_1550,A3,0.0,inf,False,0,0.4673,,,,,,
A3_1557,A3,0.0,inf,False,0,0.4873,,,,,,
A3_1569,A3,0.0,1680.06425783333,True,1,0.8882,1433.7060546875,medium,medium,0.1648,0.6048,0.2304
A3_1575,A3,0.0,inf,False,1,0.646,,,,,,
A3_1582,A3,0.0,1200.04589816667,True,0,0.457,2322.53564453125,medium,medium,0.0624,0.4754,0.4622
A3_1590,A3,0.0,3375.12908983333,True,1,0.5441,1894.305908203125,late,medium,0.125,0.4714,0.4036
A3_1591,A3,0.0,3015.11531983333,True,1,0.6344,1866.862548828125,late,medium,0.1443,0.4905,0.3652
A3_1593,A3,0.0,1650.06311016667,True,1,0.7318,1673.8128662109375,medium,medium,0.1943,0.4971,0.3086
A3_1595,A3,0.0,1245.0476195,True,1,0.7797,2087.383056640625,medium,medium,0.0873,0.5112,0.4016
A3_1598,A3,0.0,660.025244,True,1,0.7336,1663.037353515625,early,medium,0.0946,0.5372,0.3682
A3_160,A3,0.0,465.017785666667,True,1,0.7277,1916.4193115234375,early,medium,0.1113,0.5288,0.3599
A3_1603,A3,0.0,2640.10097616667,True,1,0.639,1357.26025390625,late,medium,0.2031,0.4721,0.3249
A3_1612,A3,0.0,1500.05737316667,True,1,0.694,1808.8638916015625,medium,medium,0.1873,0.4807,0.332
A3_1616,A3,0.0,795.030408166667,True,1,0.6367,1832.90478515625,early,medium,0.1592,0.4937,0.3472
A3_1620,A3,0.0,inf,False,1,0.5698,,,,,,
A3_1641,A3,0.0,inf,False,1,0.8563,,,,,,
A3_1668,A3,0.0,1860.07114183333,True,0,0.3771,2086.8212890625,medium,medium,0.084,0.5327,0.3833
A3_1680,A3,0.0,inf,False,1,0.5874,,,,,,
A3_1707,A3,0.0,2595.09925483333,True,1,0.5039,1952.1619873046875,late,medium,0.1355,0.5181,0.3464
A3_174,A3,0.0,3180.12163133333,True,1,0.5801,1684.211669921875,late,medium,0.3049,0.373,0.3222
A3_1799,A3,0.0,2565.0981075,True,1,0.6429,2156.99755859375,late,medium,0.1415,0.4864,0.3721
A3_1803,A3,0.0,375.014343166667,True,1,0.7021,1696.127685546875,early,medium,0.2645,0.4664,0.2691
A3_1821,A3,0.0,inf,False,0,0.4679,,,,,,
A3_1838,A3,0.0,inf,False,1,0.5475,,,,,,
A3_1844,A3,0.0,1875.07171583333,True,1,0.5177,2127.9619140625,medium,late,0.1528,0.4227,0.4245
A3_1882,A3,0.0,inf,False,1,0.8023,,,,,,
A3_1906,A3,0.0,1230.04704666667,True,1,0.926,1537.89111328125,medium,medium,0.3125,0.3618,0.3257
A3_1928,A3,0.0,2040.07802716667,True,1,0.7916,1550.4344482421875,medium,medium,0.1594,0.5057,0.3349
A3_1933,A3,0.0,570.021801833333,True,1,0.612,1705.7969970703125,early,medium,0.1429,0.5402,0.317
A3_1937,A3,0.0,2715.1038455,True,1,0.6216,1991.676025390625,late,medium,0.1008,0.5142,0.385
A3_1943,A3,0.0,2445.09351883333,True,1,0.8397,1841.619873046875,late,medium,0.1282,0.5021,0.3697
A3_1959,A3,0.0,inf,False,1,0.8685,,,,,,
A3_1962,A3,0.0,inf,False,1,0.5698,,,,,,
A3_1967,A3,0.0,inf,False,1,0.5464,,,,,,
A3_1973,A3,0.0,2280.08720766667,True,0,0.4741,2208.52001953125,late,medium,0.0924,0.5047,0.4029
A3_1981,A3,0.0,inf,False,1,0.6935,,,,,,
A3_1984,A3,0.0,inf,False,0,0.4999,,,,,,
A3_1994,A3,0.0,inf,False,1,0.7938,,,,,,
A3_2002,A3,0.0,inf,False,0,0.4351,,,,,,
A3_2003,A3,0.0,2505.09581266667,True,1,0.672,2206.60498046875,late,medium,0.0382,0.538,0.4238
A3_2012,A3,0.0,1920.07343766667,True,1,0.5016,1675.106201171875,medium,medium,0.183,0.4838,0.3332
A3_2013,A3,0.0,inf,False,1,0.5433,,,,,,
A3_2032,A3,0.0,600.022949166667,True,1,0.5898,1978.4052734375,early,medium,0.0494,0.5185,0.4321
A3_2049,A3,0.0,1560.05966833333,True,1,0.7981,1671.0308837890625,medium,medium,0.2566,0.4246,0.3188
A3_2051,A3,0.0,inf,False,1,0.562,,,,,,
A3_2062,A3,0.0,inf,False,1,0.652,,,,,,
A3_2065,A3,0.0,inf,False,1,0.6175,,,,,,
A3_2077,A3,0.0,inf,False,1,0.6903,,,,,,
A3_2109,A3,0.0,1770.06769966667,True,1,0.6271,2225.63525390625,medium,medium,0.0839,0.5089,0.4071
A3_2112,A3,0.0,2940.11245133333,True,1,0.9106,2039.2623291015625,late,medium,0.1513,0.4488,0.4
A3_2140,A3,0.0,inf,False,1,0.7869,,,,,,
A3_215,A3,0.0,1830.0699955,True,1,0.922,2034.3939208984375,medium,medium,0.0719,0.4882,0.4399
A3_2152,A3,0.0,1770.06770016667,True,0,0.3306,2211.239990234375,medium,late,0.043,0.4478,0.5093
A3_219,A3,0.0,2550.09753383333,True,1,0.6768,1917.8602294921875,late,medium,0.0709,0.504,0.4251
A3_2192,A3,0.0,inf,False,1,0.8047,,,,,,
A3_2197,A3,0.0,3120.11933516667,True,1,0.6556,1494.5537109375,late,medium,0.1912,0.4836,0.3252
A3_221,A3,0.0,2250.08605883333,True,1,0.8462,2196.725830078125,late,medium,0.0712,0.4787,0.4501
A3_2215,A3,0.0,1440.05507816667,True,1,0.6502,1549.9947509765625,medium,medium,0.3083,0.4712,0.2205
A3_2216,A3,0.0,inf,False,1,0.6323,,,,,,
A3_2220,A3,0.0,705.026964833334,True,1,0.9654,1448.28955078125,early,medium,0.1864,0.5082,0.3054
A3_2224,A3,0.0,inf,False,1,0.6449,,,,,,
A3_2225,A3,0.0,2295.0877815,True,1,0.7952,1745.4749755859375,late,medium,0.1932,0.4738,0.333
A3_2255,A3,0.0,2280.08720733333,True,1,0.868,2072.745361328125,late,medium,0.0944,0.4752,0.4305
A3_2260,A3,0.0,inf,False,1,0.6758,,,,,,
A3_2273,A3,0.0,2100.080322,True,1,0.6997,1917.4393310546875,medium,medium,0.136,0.5142,0.3499
A3_2279,A3,0.0,1020.03901366667,True,1,0.6248,1341.6854248046875,medium,medium,0.3854,0.4252,0.1894
A3_230,A3,0.0,2745.10499216667,True,1,0.73,2106.03955078125,late,medium,0.1306,0.5126,0.3568
A3_2307,A3,0.0,inf,False,0,0.4982,,,,,,
A3_2311,A3,0.0,570.021802,True,1,0.7584,1538.51708984375,early,early,0.3914,0.2976,0.311
A3_2314,A3,0.0,2235.08548533333,True,0,0.3337,2204.20654296875,late,medium,0.0537,0.498,0.4482
A3_2345,A3,0.0,inf,False,1,0.5586,,,,,,
A3_2346,A3,0.0,inf,False,0,0.4663,,,,,,
A3_2348,A3,0.0,inf,False,1,0.749,,,,,,
A3_2356,A3,0.0,inf,False,1,0.5039,,,,,,
A3_2359,A3,0.0,2760.10556616667,True,1,0.8024,1439.4671630859375,late,medium,0.326,0.4659,0.2082
A3_2362,A3,0.0,660.0252445,True,1,0.6535,2274.344970703125,early,medium,0.0707,0.4987,0.4306
A3_2366,A3,0.0,inf,False,0,0.4225,,,,,,
A3_2383,A3,0.0,inf,False,1,0.5856,,,,,,
A3_2385,A3,0.0,2190.08376416667,True,1,0.5781,2099.123046875,late,medium,0.0648,0.4936,0.4416
A3_2387,A3,0.0,1470.05622583333,True,1,0.6951,1561.1658935546875,medium,medium,0.2922,0.4834,0.2244
A3_2395,A3,0.0,inf,False,1,0.5688,,,,,,
A3_2420,A3,0.0,inf,False,1,0.6328,,,,,,
A3_2432,A3,0.0,inf,False,1,0.6299,,,,,,
A3_2450,A3,0.0,2010.07688033333,True,1,0.6143,2140.9658203125,medium,medium,0.1094,0.4871,0.4036
A3_2452,A3,0.0,2145.08204333333,True,0,0.437,1971.916015625,medium,medium,0.1393,0.5128,0.3479
A3_2458,A3,0.0,810.030981666667,True,1,0.8077,1486.098876953125,early,medium,0.1917,0.5878,0.2204
A3_2475,A3,0.0,inf,False,1,0.6377,,,,,,
A3_2490,A3,0.0,inf,False,1,0.674,,,,,,
A3_2493,A3,0.0,inf,False,1,0.5205,,,,,,
A3_2530,A3,0.0,990.037865833334,True,1,0.6914,1884.58251953125,medium,medium,0.0724,0.52,0.4077
A3_2533,A3,0.0,2115.08089616667,True,1,0.7895,1552.8380126953125,medium,medium,0.2456,0.4849,0.2695
A3_2544,A3,0.0,inf,False,1,0.5029,,,,,,
A3_2603,A3,0.0,2790.10671466667,True,1,0.7168,1505.21142578125,late,medium,0.2704,0.4769,0.2526
A3_2621,A3,0.0,1755.067126,True,1,0.5897,2282.05419921875,medium,medium,0.0843,0.5088,0.407
A3_2654,A3,0.0,inf,False,1,0.5585,,,,,,
A3_2666,A3,0.0,1095.04188183333,True,0,0.4941,1966.57177734375,medium,late,0.0483,0.4698,0.482
A3_2668,A3,0.0,inf,False,1,0.8384,,,,,,
A3_267,A3,0.0,2040.07802666667,True,0,0.4028,2027.26416015625,medium,medium,0.1104,0.5093,0.3804
A3_27,A3,0.0,2370.0906495,True,1,0.7563,1742.7120361328125,late,medium,0.1975,0.4533,0.3493
A3_2705,A3,0.0,930.035571333333,True,1,0.5347,2131.651611328125,medium,late,0.0398,0.4672,0.493
A3_2731,A3,0.0,inf,False,1,0.542,,,,,,
A3_2736,A3,0.0,2685.10269733333,True,0,0.4556,2040.5338134765625,late,medium,0.0765,0.5011,0.4224
A3_2756,A3,0.0,inf,False,1,0.7245,,,,,,
A3_2757,A3,0.0,1335.05106183333,True,1,0.7319,1601.0238037109375,medium,medium,0.1437,0.5455,0.3108
A3_278,A3,0.0,2025.07745333333,True,1,0.8509,2120.38330078125,medium,medium,0.0918,0.5332,0.375
A3_28,A3,0.0,990.037866333333,True,1,0.9326,1725.5869140625,medium,early,0.3761,0.3167,0.3072
A3_2813,A3,0.0,810.030981,True,0,0.4542,1957.3197021484375,early,medium,0.116,0.5161,0.3679
A3_2815,A3,0.0,735.028112666667,True,1,0.6299,1465.303955078125,early,early,0.5586,0.3303,0.1111
A3_2816,A3,0.0,inf,False,1,0.7036,,,,,,
A3_283,A3,0.0,855.0327025,True,1,0.6606,2307.999755859375,early,medium,0.129,0.4963,0.3747
A3_2839,A3,0.0,1935.07401066667,True,1,0.626,1827.0509033203125,medium,medium,0.1491,0.4764,0.3746
A3_2855,A3,0.0,inf,False,1,0.5033,,,,,,
A3_2863,A3,0.0,1815.06942066667,True,1,0.5068,2102.633056640625,medium,medium,0.0546,0.5635,0.3819
A3_2866,A3,0.0,inf,False,1,0.6675,,,,,,
A3_2870,A3,0.0,525.020079833333,True,1,0.5392,1890.3043212890625,early,medium,0.1555,0.4893,0.3552
A3_2879,A3,0.0,inf,False,0,0.3193,,,,,,
A3_2895,A3,0.0,1890.07229066667,True,0,0.485,2117.30712890625,medium,medium,0.1343,0.4578,0.408
A3_2905,A3,0.0,1830.06999566667,True,1,0.8081,1659.9599609375,medium,medium,0.1685,0.5672,0.2643
A3_2918,A3,0.0,1155.0441775,True,0,0.4066,2239.689453125,medium,medium,0.069,0.5141,0.4169
A3_2921,A3,0.0,1140.04360283333,True,1,0.5231,2146.201171875,medium,medium,0.135,0.5199,0.3451
A3_2927,A3,0.0,inf,False,1,0.8394,,,,,,
A3_2947,A3,0.0,inf,False,0,0.4712,,,,,,
A3_2963,A3,0.0,2340.089502,True,0,0.389,2039.21044921875,late,medium,0.073,0.5021,0.4249
A3_2982,A3,15.0005736666666,1815.06942116667,True,1,0.6584,1818.89111328125,medium,medium,0.2158,0.4443,0.3398
A3_2988,A3,0.0,360.01377,True,1,0.6494,1261.53662109375,early,medium,0.3622,0.4479,0.1899
A3_3003,A3,0.0,inf,False,1,0.5463,,,,,,
A3_3050,A3,0.0,inf,False,1,0.5205,,,,,,
A3_3054,A3,0.0,2460.09409166667,True,0,0.4639,2186.00732421875,late,medium,0.0732,0.4715,0.4554
A3_3060,A3,0.0,inf,False,0,0.458,,,,,,
A3_3099,A3,0.0,870.033276,True,1,0.7002,1270.329345703125,early,medium,0.3174,0.4666,0.2161
A3_3103,A3,0.0,1530.05852116667,True,1,0.6255,1712.061767578125,medium,medium,0.1754,0.5215,0.303
A3_3112,A3,0.0,1590.060815,True,1,0.5552,1575.7471923828125,medium,medium,0.1735,0.538,0.2885
A3_3113,A3,0.0,2040.07802833333,True,1,0.5649,1480.5361328125,medium,medium,0.2502,0.4888,0.261
A3_3135,A3,0.0,1230.047045,True,1,0.7567,1635.86865234375,medium,medium,0.3424,0.4484,0.2093
A3_3149,A3,0.0,inf,False,1,0.5508,,,,,,
A3_3165,A3,0.0,1890.07229,True,1,0.6577,1606.904296875,medium,medium,0.2676,0.4832,0.2493
A3_3172,A3,0.0,inf,False,0,0.3979,,,,,,
A3_3199,A3,0.0,915.034996666667,True,0,0.464,1990.90771484375,medium,medium,0.113,0.5088,0.3782
A3_3228,A3,0.0,inf,False,1,0.7012,,,,,,
A3_3240,A3,0.0,inf,False,1,0.7212,,,,,,
A3_326,A3,0.0,1695.06483133333,True,1,0.6034,2540.74560546875,medium,medium,0.0779,0.4763,0.4458
A3_327,A3,0.0,2055.07860133333,True,1,0.5791,2202.871337890625,medium,medium,0.0972,0.5001,0.4027
A3_3272,A3,0.0,inf,False,1,0.7819,,,,,,
A3_3275,A3,0.0,inf,False,1,0.5474,,,,,,
A3_3277,A3,0.0,825.031555,True,1,0.5825,1832.460205078125,early,medium,0.2367,0.5045,0.2588
A3_328,A3,0.0,1665.06368466667,True,1,0.7723,1848.799072265625,medium,medium,0.1109,0.4963,0.3928
A3_3299,A3,0.0,795.030406666667,True,1,0.7675,1375.5660400390625,early,medium,0.2676,0.4817,0.2507
A3_3300,A3,0.0,inf,False,1,0.8704,,,,,,
A3_3312,A3,0.0,1440.05507833333,True,1,0.6943,1335.2091064453125,medium,medium,0.249,0.4888,0.2622
A3_3318,A3,0.0,1560.05966666667,True,1,0.6104,1552.1470947265625,medium,medium,0.3374,0.4653,0.1973
A3_3330,A3,0.0,1935.07401166667,True,0,0.3799,2164.70166015625,medium,late,0.1016,0.449,0.4495
A3_3338,A3,0.0,255.009753333333,True,1,0.623,1448.704345703125,early,medium,0.1665,0.49,0.3435
A3_3355,A3,0.0,1680.06425833333,True,1,0.5197,2013.2989501953125,medium,medium,0.3284,0.4104,0.2612
A3_3373,A3,0.0,inf,False,1,0.5542,,,,,,
A3_3387,A3,0.0,inf,False,0,0.4897,,,,,,
A3_3390,A3,0.0,inf,False,1,0.8065,,,,,,
A3_3397,A3,0.0,inf,False,1,0.5815,,,,,,
A3_3421,A3,0.0,inf,False,1,0.7556,,,,,,
A3_3442,A3,0.0,585.022375,True,1,0.6436,1489.32470703125,early,medium,0.2878,0.4702,0.2419
A3_347,A3,0.0,2880.110156,True,1,0.7833,1853.2783203125,late,medium,0.1067,0.4992,0.394
A3_3472,A3,0.0,inf,False,0,0.4712,,,,,,
A3_3478,A3,0.0,1350.051635,True,0,0.4092,1840.374267578125,medium,medium,0.0894,0.5333,0.3773
A3_3491,A3,0.0,inf,False,1,0.6515,,,,,,
A3_3492,A3,0.0,705.026965,True,1,0.5342,1986.9072265625,early,medium,0.1246,0.5063,0.3691
A3_3521,A3,0.0,2025.077455,True,0,0.4943,1857.53125,medium,medium,0.1151,0.5592,0.3257
A3_3540,A3,0.0,375.014343333333,True,1,0.6929,1300.890625,early,early,0.4441,0.3962,0.1597
A3_3555,A3,0.0,inf,False,0,0.4991,,,,,,
A3_3556,A3,0.0,1500.05737333333,True,1,0.632,1272.9044189453125,medium,medium,0.3335,0.4559,0.2106
A3_356,A3,0.0,2115.0808955,True,1,0.7131,2211.677978515625,medium,medium,0.0673,0.4825,0.4503
A3_3560,A3,0.0,inf,False,0,0.3849,,,,,,
A3_360,A3,0.0,1620.06196266667,True,1,0.9384,1591.501708984375,medium,medium,0.2639,0.4802,0.2559
A3_361,A3,0.0,1815.06942216667,True,1,0.7758,1782.3681640625,medium,medium,0.1366,0.5054,0.358
A3_363,A3,0.0,1800.06884716667,True,1,0.8842,1898.54296875,medium,medium,0.209,0.4519,0.3391
A3_3631,A3,0.0,inf,False,1,0.7077,,,,,,
A3_3684,A3,0.0,2100.08032333333,True,1,0.5096,2156.19091796875,medium,medium,0.0662,0.5031,0.4308
A3_3718,A3,0.0,1845.07056833333,True,1,0.5829,1872.4635009765625,medium,medium,0.1873,0.4939,0.3188
A3_3724,A3,0.0,inf,False,0,0.4528,,,,,,
A3_375,A3,0.0,3615.13826933333,True,0,0.4316,2101.108642578125,late,medium,0.0482,0.5328,0.419
A3_3774,A3,0.0,inf,False,0,0.3682,,,,,,
A3_3777,A3,0.0,inf,False,0,0.4854,,,,,,
A3_3827,A3,0.0,inf,False,0,0.4933,,,,,,
A3_3828,A3,0.0,975.037293333333,True,1,0.6216,1598.097412109375,medium,medium,0.198,0.5133,0.2886
A3_383,A3,0.0,1980.07573216667,True,1,0.5894,2584.635986328125,medium,late,0.0632,0.459,0.4778
A3_3835,A3,0.0,inf,False,0,0.458,,,,,,
A3_384,A3,0.0,1020.03901366667,True,1,0.6271,2160.887451171875,medium,medium,0.0763,0.5314,0.3922
A3_401,A3,0.0,2505.0958135,True,1,0.8067,1772.568115234375,late,medium,0.2055,0.4766,0.3179
A3_418,A3,0.0,2025.0774535,True,1,0.9147,1911.658935546875,medium,medium,0.0872,0.5097,0.4031
A3_422,A3,0.0,inf,False,0,0.4922,,,,,,
A3_427,A3,0.0,inf,False,1,0.8201,,,,,,
A3_432,A3,0.0,1710.06540483333,True,0,0.4805,2040.9844970703125,medium,medium,0.1737,0.478,0.3483
A3_439,A3,0.0,inf,False,0,0.4722,,,,,,
A3_447,A3,0.0,inf,False,1,0.7121,,,,,,
A3_467,A3,0.0,3555.13597483333,True,1,0.6152,2274.791259765625,late,late,0.0266,0.4612,0.5122
A3_469,A3,0.0,inf,False,1,0.9096,,,,,,
A3_470,A3,0.0,inf,False,1,0.5596,,,,,,
A3_503,A3,0.0,1425.05450433333,True,0,0.4634,1966.898681640625,medium,medium,0.1365,0.4629,0.4006
A3_504,A3,0.0,2640.1009765,True,1,0.5566,1721.207275390625,late,medium,0.1733,0.4629,0.3638
A3_509,A3,0.0,2685.10269766667,True,1,0.6157,2399.5654296875,late,medium,0.0858,0.5054,0.4087
A3_511,A3,0.0,inf,False,1,0.7938,,,,,,
A3_514,A3,0.0,3180.12163016667,True,1,0.6157,2168.59326171875,late,medium,0.0718,0.5093,0.4189
A3_527,A3,0.0,inf,False,0,0.4155,,,,,,
A3_53,A3,0.0,inf,False,1,0.8857,,,,,,
A3_536,A3,0.0,2070.07917483333,True,1,0.8217,1479.62548828125,medium,medium,0.2401,0.5038,0.2561
A3_538,A3,0.0,1005.03844,True,1,0.7516,2059.935546875,medium,medium,0.0861,0.494,0.42
A3_541,A3,0.0,1365.05221016667,True,0,0.4415,2284.310546875,medium,late,0.0558,0.4705,0.4737
A3_544,A3,0.0,2955.11302433333,True,1,0.8278,2045.532958984375,late,medium,0.0635,0.5118,0.4247
A3_549,A3,0.0,1830.06999516667,True,1,0.5908,2324.25927734375,medium,medium,0.0462,0.4816,0.4721
A3_551,A3,0.0,1500.0573735,True,1,0.9398,1428.0853271484375,medium,medium,0.2554,0.4797,0.2649
A3_564,A3,0.0,inf,False,1,0.8177,,,,,,
A3_573,A3,0.0,3255.12449983333,True,1,0.5034,2089.753173828125,late,medium,0.0697,0.5323,0.398
A3_581,A3,0.0,3150.12048316667,True,1,0.536,1720.1390380859375,late,medium,0.2432,0.4954,0.2615
A3_583,A3,0.0,inf,False,1,0.9114,,,,,,
A3_590,A3,0.0,3075.11761433333,True,0,0.4072,2285.50537109375,late,late,0.0439,0.458,0.4981
A3_593,A3,0.0,2580.0986815,True,1,0.7363,1777.1220703125,late,medium,0.1921,0.4965,0.3114
A3_60,A3,0.0,975.0372925,True,1,0.917,1957.850341796875,medium,medium,0.1808,0.4861,0.333
A3_601,A3,0.0,1530.05852016667,True,1,0.6821,2175.0234375,medium,late,0.0176,0.4505,0.5318
A3_602,A3,0.0,inf,False,1,0.6027,,,,,,
A3_628,A3,0.0,1365.0522095,True,1,0.7988,1945.633544921875,medium,medium,0.0645,0.5151,0.4204
A3_637,A3,0.0,inf,False,1,0.5488,,,,,,
A3_645,A3,0.0,1545.0590945,True,0,0.4839,2002.911376953125,medium,medium,0.0491,0.4976,0.4532
A3_659,A3,0.0,2685.10269783333,True,1,0.6553,1958.32177734375,late,medium,0.1092,0.4907,0.4001
A3_662,A3,0.0,1425.0545045,True,1,0.7912,1357.637939453125,medium,medium,0.2636,0.4921,0.2443
A3_667,A3,0.0,690.026391666667,True,1,0.8896,1810.586669921875,early,medium,0.2671,0.4614,0.2715
A3_67,A3,0.0,2625.10040283333,True,1,0.7748,1778.5302734375,late,medium,0.1494,0.5049,0.3457
A3_680,A3,0.0,3630.13884233333,True,1,0.8315,1772.2742919921875,late,medium,0.1175,0.5025,0.38
A3_69,A3,0.0,1830.0699945,True,1,0.6219,2263.271484375,medium,medium,0.0662,0.4851,0.4487
A3_694,A3,0.0,3135.119909,True,1,0.7897,2131.49267578125,late,medium,0.1143,0.4938,0.3919
A3_695,A3,0.0,inf,False,0,0.4102,,,,,,
A3_708,A3,0.0,1065.04073483333,True,1,0.9064,1401.281982421875,medium,medium,0.2061,0.5896,0.2043
A3_714,A3,0.0,1005.03844,True,1,0.7676,1972.8258056640625,medium,medium,0.1921,0.4966,0.3113
A3_717,A3,0.0,1755.067127,True,1,0.6831,1418.79833984375,medium,medium,0.1953,0.5106,0.2941
A3_726,A3,0.0,1560.05966866667,True,1,0.7152,1663.141357421875,medium,medium,0.2495,0.4949,0.2556
A3_73,A3,0.0,1905.0728645,True,0,0.459,2137.166748046875,medium,medium,0.0596,0.4938,0.4467
A3_731,A3,0.0,inf,False,0,0.478,,,,,,
A3_74,A3,0.0,1980.07573283333,True,1,0.8147,1893.61328125,medium,medium,0.1146,0.4876,0.3978
A3_740,A3,0.0,2235.08548533333,True,1,0.6388,1480.528076171875,late,medium,0.2388,0.4745,0.2867
A3_742,A3,0.0,inf,False,1,0.9106,,,,,,
A3_744,A3,0.0,3450.13195866667,True,1,0.6934,2048.16357421875,late,medium,0.1017,0.5406,0.3577
A3_748,A3,0.0,inf,False,1,0.5254,,,,,,
A3_756,A3,0.0,1965.075159,True,1,0.7485,1567.062744140625,medium,medium,0.1391,0.5902,0.2707
A3_772,A3,0.0,inf,False,1,0.5474,,,,,,
A3_775,A3,0.0,inf,False,0,0.4331,,,,,,
A3_786,A3,0.0,inf,False,1,0.5234,,,,,,
A3_787,A3,0.0,inf,False,1,0.8029,,,,,,
A3_798,A3,0.0,2490.09523916667,True,1,0.8018,1555.4931640625,late,medium,0.2544,0.501,0.2446
A3_804,A3,0.0,2955.11302483333,True,1,0.7217,1793.844482421875,late,medium,0.1012,0.4932,0.4056
A3_807,A3,0.0,inf,False,1,0.6909,,,,,,
A3_808,A3,0.0,inf,False,1,0.5983,,,,,,
A3_810,A3,0.0,inf,False,1,0.7424,,,,,,
A3_817,A3,0.0,inf,False,1,0.555,,,,,,
A3_818,A3,0.0,inf,False,1,0.7368,,,,,,
A3_825,A3,0.0,1755.06712583333,True,1,0.8422,2078.70458984375,medium,medium,0.0468,0.5455,0.4078
A3_836,A3,0.0,3405.13023616667,True,0,0.4321,2211.938720703125,late,medium,0.0619,0.4997,0.4384
A3_838,A3,0.0,2970.11359783333,True,1,0.61,2076.19580078125,late,late,0.0401,0.4786,0.4813
A3_848,A3,0.0,inf,False,1,0.5068,,,,,,
A3_854,A3,0.0,2910.1113045,True,1,0.6084,2002.029052734375,late,medium,0.1509,0.4653,0.3838
A3_856,A3,0.0,2700.10327166667,True,1,0.7321,2051.00634765625,late,medium,0.1224,0.5136,0.364
A3_861,A3,0.0,375.014343333333,True,1,0.8444,1639.2850341796875,early,medium,0.1831,0.4983,0.3186
A3_870,A3,0.0,2895.11072966667,True,1,0.5801,2170.714599609375,late,medium,0.0739,0.5191,0.407
A3_874,A3,0.0,3195.12220483333,True,1,0.5333,2330.3212890625,late,late,0.0167,0.4618,0.5216
A3_880,A3,0.0,810.0309815,True,1,0.5161,1981.793701171875,early,medium,0.0967,0.5089,0.3944
A3_881,A3,0.0,1515.05794716667,True,1,0.6888,2124.72119140625,medium,medium,0.0956,0.4946,0.4099
A3_885,A3,0.0,2490.09523983333,True,1,0.6237,2091.09130859375,late,medium,0.0726,0.5132,0.4143
A3_891,A3,0.0,2310.0883545,True,1,0.8882,1393.767822265625,late,medium,0.3918,0.4314,0.1768
A3_893,A3,0.0,1455.05565116667,True,1,0.9237,1468.51025390625,medium,medium,0.2854,0.4849,0.2297
A3_896,A3,0.0,2595.09925466667,True,1,0.5519,1966.2510986328125,late,medium,0.14,0.5732,0.2868
A3_898,A3,0.0,inf,False,1,0.7192,,,,,,
A3_900,A3,0.0,inf,False,1,0.5928,,,,,,
A3_906,A3,0.0,3300.12622083333,True,1,0.8128,1960.2471923828125,late,medium,0.1217,0.5577,0.3206
A3_907,A3,0.0,1455.05565116667,True,1,0.829,1576.716064453125,medium,medium,0.1725,0.4858,0.3418
A3_913,A3,0.0,inf,False,0,0.3804,,,,,,
A3_915,A3,0.0,3465.1325325,True,1,0.5975,1940.51904296875,late,medium,0.0725,0.4773,0.4502
A3_922,A3,0.0,1590.06081616667,True,1,0.7,1537.904541015625,medium,medium,0.1601,0.5382,0.3018
A3_932,A3,0.0,2640.1009765,True,1,0.7272,2184.250244140625,late,medium,0.1681,0.476,0.3559
A3_96,A3,0.0,540.020654166667,True,1,0.7254,1923.75732421875,early,medium,0.1404,0.507,0.3526
A3_967,A3,0.0,inf,False,1,0.7827,,,,,,
A3_968,A3,0.0,2250.08605883333,True,0,0.347,2074.636962890625,late,late,0.0246,0.4854,0.49
A3_973,A3,0.0,825.031555166667,True,0,0.4717,1867.8385009765625,early,medium,0.0691,0.5563,0.3746
A3_992,A3,0.0,3480.13310616667,True,1,0.7361,1807.67919921875,late,medium,0.158,0.5128,0.3292
